BEGIN TRANSACTION;
CREATE TABLE alembic_version (
	version_num VARCHAR(32) NOT NULL, 
	CONSTRAINT alembic_version_pkc PRIMARY KEY (version_num)
);
INSERT INTO "alembic_version" VALUES('1a4fb16c4486');
CREATE TABLE app_settings (
	company_name VARCHAR(150) NOT NULL, 
	company_short_name VARCHAR(80), 
	logo_path VARCHAR(255) NOT NULL, 
	company_address TEXT, 
	company_phone VARCHAR(30), 
	company_email VARCHAR(120), 
	company_website VARCHAR(200), 
	invoice_title VARCHAR(150), 
	invoice_address TEXT, 
	invoice_tax_office VARCHAR(100), 
	invoice_tax_number VARCHAR(50), 
	invoice_mersis_no VARCHAR(16), 
	invoice_iban VARCHAR(64), 
	invoice_notes TEXT, 
	kiralama_form_start_no INTEGER DEFAULT '1' NOT NULL, 
	genel_sozlesme_start_no INTEGER DEFAULT '1' NOT NULL, 
	id INTEGER NOT NULL, 
	is_active BOOLEAN DEFAULT 1 NOT NULL, 
	created_at DATETIME NOT NULL, 
	updated_at DATETIME, 
	created_by_id INTEGER, 
	updated_by_id INTEGER, 
	is_deleted BOOLEAN DEFAULT 0 NOT NULL, 
	deleted_at DATETIME, 
	deleted_by_id INTEGER, kiralama_form_prefix VARCHAR(10) DEFAULT 'PF' NOT NULL, genel_sozlesme_prefix VARCHAR(10) DEFAULT 'PS' NOT NULL, 
	CONSTRAINT pk_app_settings PRIMARY KEY (id)
);
INSERT INTO "app_settings" VALUES('PIMAKS İNŞAAT TAAHHÜT VE DIŞ TIC LTD ŞTI','PIMAKS INŞAAT','uploads/settings/company_logo_ced50a576e3540059532b1253b172ac2.jpg','İKITELLI OSGB SEFAKÖY SAN.SIT.4.BLOK NO:5 BAŞAKŞEHIR/İSTANBUL','0212 212 11 51','cuneytdemir@pimaksinsaat.com','www.pimaksinsaat.com','PIMAKS İNŞAAT TAAHHÜT VE DIŞ TIC LTD ŞTI','İKITELLI OSGB SEFAKÖY SAN.SIT.4.BLOK NO:5 BAŞAKŞEHIR/İSTANBUL','IKITELLI','7300377202','','TR','',47,32,1,1,'2026-03-22 21:44:02.140035','2026-03-25 09:52:57.676965',NULL,NULL,0,NULL,NULL,'PF','PS');
CREATE TABLE "araclar" (
	plaka VARCHAR(20) NOT NULL, 
	arac_tipi VARCHAR(50), 
	marka_model VARCHAR(100), 
	muayene_tarihi DATE, 
	sigorta_tarihi DATE, 
	is_active BOOLEAN, 
	kayit_tarihi DATETIME, 
	id INTEGER NOT NULL, 
	created_at DATETIME NOT NULL, 
	updated_at DATETIME, 
	created_by_id INTEGER, 
	updated_by_id INTEGER, 
	is_deleted BOOLEAN NOT NULL, 
	deleted_at DATETIME, 
	deleted_by_id INTEGER, 
	sube_id INTEGER, 
	CONSTRAINT pk_araclar PRIMARY KEY (id), 
	CONSTRAINT fk_araclar_sube_id_subeler FOREIGN KEY(sube_id) REFERENCES subeler (id)
);
INSERT INTO "araclar" VALUES('34ERJ782','kayar kasa','mitsubishi','2027-01-13','2026-03-31',1,'2026-03-21 11:27:41.950471',1,'2026-03-21 11:27:41.950475','2026-03-21 22:21:13.430743',NULL,NULL,0,NULL,NULL,2);
INSERT INTO "araclar" VALUES('34GSP972','kayar kasa','mitsubishi','2026-04-05','2026-03-30',1,'2026-03-21 11:27:55.266198',2,'2026-03-21 11:27:55.266201','2026-03-22 16:45:19.218008',NULL,NULL,0,NULL,NULL,1);
CREATE TABLE bakim_kaydi (
	ekipman_id INTEGER NOT NULL, 
	tarih DATE NOT NULL, 
	aciklama VARCHAR(500), 
	calisma_saati INTEGER, 
	id INTEGER NOT NULL, 
	is_active BOOLEAN NOT NULL, 
	created_at DATETIME NOT NULL, 
	updated_at DATETIME, 
	created_by_id INTEGER, 
	updated_by_id INTEGER, 
	is_deleted BOOLEAN NOT NULL, 
	deleted_at DATETIME, 
	deleted_by_id INTEGER, 
	CONSTRAINT pk_bakim_kaydi PRIMARY KEY (id), 
	CONSTRAINT fk_bakim_kaydi_ekipman_id_ekipman FOREIGN KEY(ekipman_id) REFERENCES ekipman (id)
);
CREATE TABLE cari_hareket (
	firma_id INTEGER NOT NULL, 
	tarih DATE NOT NULL, 
	vade_tarihi DATE, 
	para_birimi VARCHAR(3) NOT NULL, 
	yon VARCHAR(20) NOT NULL, 
	tutar NUMERIC(15, 2) NOT NULL, 
	kalan_tutar NUMERIC(15, 2) NOT NULL, 
	durum VARCHAR(10) NOT NULL, 
	kaynak_modul VARCHAR(50), 
	kaynak_id INTEGER, 
	ozel_id INTEGER, 
	belge_no VARCHAR(50), 
	aciklama VARCHAR(250), 
	referans_hareket_id INTEGER, 
	id INTEGER NOT NULL, 
	is_active BOOLEAN NOT NULL, 
	created_at DATETIME NOT NULL, 
	updated_at DATETIME, 
	created_by_id INTEGER, 
	updated_by_id INTEGER, 
	is_deleted BOOLEAN NOT NULL, 
	deleted_at DATETIME, 
	deleted_by_id INTEGER, 
	CONSTRAINT pk_cari_hareket PRIMARY KEY (id), 
	CONSTRAINT ck_cari_hareket_check_cari_hareket_durum CHECK (durum IN ('acik', 'kapali', 'iptal')), 
	CONSTRAINT ck_cari_hareket_check_cari_hareket_yon CHECK (yon IN ('gelen', 'giden')), 
	CONSTRAINT fk_cari_hareket_firma_id_firma FOREIGN KEY(firma_id) REFERENCES firma (id), 
	CONSTRAINT fk_cari_hareket_referans_hareket_id_cari_hareket FOREIGN KEY(referans_hareket_id) REFERENCES cari_hareket (id)
);
CREATE TABLE cari_mahsup (
	borc_hareket_id INTEGER NOT NULL, 
	alacak_hareket_id INTEGER NOT NULL, 
	tarih DATE NOT NULL, 
	tutar NUMERIC(15, 2) NOT NULL, 
	aciklama VARCHAR(250), 
	id INTEGER NOT NULL, 
	is_active BOOLEAN NOT NULL, 
	created_at DATETIME NOT NULL, 
	updated_at DATETIME, 
	created_by_id INTEGER, 
	updated_by_id INTEGER, 
	is_deleted BOOLEAN NOT NULL, 
	deleted_at DATETIME, 
	deleted_by_id INTEGER, 
	CONSTRAINT pk_cari_mahsup PRIMARY KEY (id), 
	CONSTRAINT fk_cari_mahsup_alacak_hareket_id_cari_hareket FOREIGN KEY(alacak_hareket_id) REFERENCES cari_hareket (id) ON DELETE CASCADE, 
	CONSTRAINT fk_cari_mahsup_borc_hareket_id_cari_hareket FOREIGN KEY(borc_hareket_id) REFERENCES cari_hareket (id) ON DELETE CASCADE
);
CREATE TABLE "ekipman" (
	kod VARCHAR(100) NOT NULL, 
	yakit VARCHAR(50) NOT NULL, 
	tipi VARCHAR(100) NOT NULL, 
	marka VARCHAR(100) NOT NULL, 
	model VARCHAR(100), 
	seri_no VARCHAR(100) NOT NULL, 
	calisma_yuksekligi INTEGER NOT NULL, 
	kaldirma_kapasitesi INTEGER NOT NULL, 
	agirlik FLOAT, 
	ic_mekan_uygun BOOLEAN NOT NULL, 
	genislik FLOAT, 
	uzunluk FLOAT, 
	kapali_yukseklik FLOAT, 
	uretim_yili INTEGER NOT NULL, 
	calisma_durumu VARCHAR(50) NOT NULL, 
	giris_maliyeti NUMERIC(15, 2), 
	para_birimi VARCHAR(3) NOT NULL, 
	temin_doviz_kuru_usd NUMERIC(10, 4), 
	temin_doviz_kuru_eur NUMERIC(10, 4), 
	sube_id INTEGER, 
	firma_tedarikci_id INTEGER, 
	id INTEGER NOT NULL, 
	is_active BOOLEAN NOT NULL, 
	created_at DATETIME NOT NULL, 
	updated_at DATETIME, 
	created_by_id INTEGER, 
	updated_by_id INTEGER, 
	is_deleted BOOLEAN NOT NULL, 
	deleted_at DATETIME, 
	deleted_by_id INTEGER, 
	arazi_tipi_uygun BOOLEAN DEFAULT 0 NOT NULL, 
	CONSTRAINT pk_ekipman PRIMARY KEY (id), 
	CONSTRAINT fk_ekipman_sube_id_subeler FOREIGN KEY(sube_id) REFERENCES subeler (id), 
	CONSTRAINT _tedarikci_seri_no_uc UNIQUE (firma_tedarikci_id, seri_no), 
	CONSTRAINT fk_ekipman_firma_tedarikci_id_firma FOREIGN KEY(firma_tedarikci_id) REFERENCES firma (id)
);
INSERT INTO "ekipman" VALUES('PM01','Akülü','MAKAS','Mantall','XE 140W','03000994',14,350,3400.0,1,1.25,2.5,1.8,2014,'kirada',22000,'USD',0,0,2,NULL,1,1,'2026-03-21 11:21:42.921392','2026-04-02 21:33:19.906872',2,2,0,NULL,NULL,0);
INSERT INTO "ekipman" VALUES('PM02','Akülü','MAKAS','Haulotte','COMPACT 12','CE161056',12,300,2800.0,1,1.25,2.5,1.8,2016,'kirada',12500,'EUR',0,0,2,NULL,2,1,'2026-03-21 11:22:44.298382','2026-03-23 09:25:39.174241',2,2,0,NULL,NULL,0);
INSERT INTO "ekipman" VALUES('PM03','Akülü','MAKAS','Mantall','XE 80W','030001529',8,550,2200.0,1,1.25,2.5,1.8,2014,'kirada',15000,'USD',0,0,2,NULL,3,1,'2026-03-22 05:54:22.084870','2026-04-03 09:58:42.595233',2,2,0,NULL,NULL,0);
INSERT INTO "ekipman" VALUES('PM04','Akülü','MAKAS','Mantall','XE 60 MINI','9000177',6,240,750.0,1,0.75,1.5,1.6,2014,'bosta',8500,'USD',0,0,1,NULL,4,1,'2026-03-22 05:58:39.633451','2026-03-22 15:21:59.059118',2,2,0,NULL,NULL,0);
INSERT INTO "ekipman" VALUES('PM05','Akülü','MAKAS','Sinoboom','GTJZ 1412','0101700393',16,230,3500.0,1,1.25,2.5,1.8,2017,'kirada',22000,'USD',0,0,2,NULL,5,1,'2026-03-22 06:02:53.976887','2026-03-23 07:15:26.293311',2,2,0,NULL,NULL,0);
INSERT INTO "ekipman" VALUES('PM06','Akülü','MAKAS','Sinoboom','GTJZ 1012','0101501260',12,250,720.0,1,1.25,2.5,1.8,2017,'kirada',18000,'USD',0,0,2,NULL,6,1,'2026-03-22 06:06:38.631199','2026-04-01 09:47:20.712831',2,2,0,NULL,NULL,0);
INSERT INTO "ekipman" VALUES('PM07','Akülü','MAKAS','Sinoboom','GTJZ 0808','0101400449',10,310,2200.0,1,1.25,2.5,1.8,2017,'kirada',15000,'USD',0,0,2,NULL,7,1,'2026-03-22 06:07:16.557297','2026-04-03 04:33:37.718547',2,2,0,NULL,NULL,0);
INSERT INTO "ekipman" VALUES('PM08','Akülü','MAKAS','Dingli','JCPT1212 HD','MS121123-2',10,320,2200.0,1,1.25,2.5,1.8,2013,'kirada',18000,'USD',0,0,2,NULL,8,1,'2026-03-22 06:11:09.487653','2026-04-02 21:57:00.156644',2,2,0,NULL,NULL,0);
INSERT INTO "ekipman" VALUES('PM09','Akülü','MAKAS','Dingli','JCPT1212 HD','MS121123-4',12,320,2800.0,1,1.25,2.5,1.8,2013,'bosta',18000,'USD',0,0,1,NULL,9,1,'2026-03-22 06:12:02.383554','2026-04-02 21:51:02.218035',2,2,0,NULL,NULL,0);
INSERT INTO "ekipman" VALUES('PM10','Akülü','MAKAS','Dingli','JCPT1212 HD','MS170306-100',12,320,2800.0,1,1.25,2.5,1.8,2017,'kirada',18000,'USD',0,0,2,NULL,10,1,'2026-03-22 06:12:43.403813','2026-04-02 21:58:14.214315',2,2,0,NULL,NULL,0);
INSERT INTO "ekipman" VALUES('PM11','Akülü','MAKAS','Dingli','JCPT1212 HD','MS150307-5',12,320,2800.0,1,1.25,2.5,1.8,2015,'bosta',18000,'TRY',0,0,2,NULL,11,1,'2026-03-22 06:28:36.095080','2026-04-02 12:39:25.522641',2,NULL,0,NULL,NULL,0);
INSERT INTO "ekipman" VALUES('PM12','Akülü','MAKAS','Haulotte','COMPACT 8','CE143974',8,230,1600.0,1,1.25,2.5,1.9,2010,'kirada',7500,'EUR',0,0,2,NULL,12,1,'2026-03-22 06:32:30.863834','2026-03-26 09:28:40.868936',2,2,0,NULL,NULL,0);
INSERT INTO "ekipman" VALUES('PM13','Akülü','MAKAS','Haulotte','COMPACT 8','CE141377',8,350,1600.0,1,1.25,2.5,1.9,2009,'bosta',7500,'EUR',0,0,2,NULL,13,1,'2026-03-22 06:32:51.433244','2026-03-22 15:21:59.066652',2,NULL,0,NULL,NULL,0);
INSERT INTO "ekipman" VALUES('PM14','Akülü','MAKAS','Haulotte','COMPACT 8','CE143652',8,350,1600.0,1,1.25,2.5,1.9,2010,'kirada',7500,'EUR',0,0,2,NULL,14,1,'2026-03-22 06:33:56.193972','2026-04-02 20:51:25.319958',2,NULL,0,NULL,NULL,0);
INSERT INTO "ekipman" VALUES('PM15','Akülü','MAKAS','Haulotte','COMPACT 8','CE143760',8,350,1600.0,1,1.25,2.5,1.9,2010,'bosta',7500,'EUR',0,0,2,NULL,15,1,'2026-03-22 06:34:29.754868','2026-03-22 15:21:59.068070',2,NULL,0,NULL,NULL,0);
INSERT INTO "ekipman" VALUES('PM16','Akülü','MAKAS','Sinoboom','GTJZ 0808S','0103815215',8,230,1600.0,1,1.25,2.5,1.8,2023,'bosta',12000,'USD',0,0,2,NULL,16,1,'2026-03-22 06:48:22.609025','2026-03-26 08:20:24.187769',2,NULL,0,NULL,NULL,0);
INSERT INTO "ekipman" VALUES('PM17','Akülü','MAKAS','Haulotte','OPTIMIM 8','CE143551',8,230,1600.0,1,1.25,2.5,1.8,2010,'kirada',7500,'EUR',0,0,2,NULL,17,1,'2026-03-22 06:49:04.514213','2026-04-02 20:23:25.324601',2,2,0,NULL,NULL,0);
INSERT INTO "ekipman" VALUES('PM18','Akülü','MAKAS','Haulotte','COMPACT 10N','CE144432',10,450,2200.0,1,1.25,2.5,1.8,2011,'kirada',9000,'EUR',0,0,2,NULL,18,1,'2026-03-22 06:50:08.072070','2026-03-26 08:05:14.240334',2,NULL,0,NULL,NULL,0);
INSERT INTO "ekipman" VALUES('PM19','Akülü','MAKAS','Dingli','S0807AC+','JPAC125C01059',8,272,1600.0,1,1.25,2.5,1.8,2025,'bosta',12500,'USD',0,0,1,NULL,19,1,'2026-03-22 07:08:52.070165','2026-03-22 15:21:59.070810',NULL,NULL,0,NULL,NULL,0);
INSERT INTO "ekipman" VALUES('PM20','Akülü','MAKAS','Mantall','XE120W','0331150165',12,320,2800.0,1,1.25,2.5,1.8,2015,'kirada',14000,'USD',0,0,2,NULL,20,1,'2026-03-22 08:18:13.896982','2026-03-26 08:05:14.247693',NULL,NULL,0,NULL,NULL,0);
INSERT INTO "ekipman" VALUES('PM21','Akülü','MAKAS','Mantall','XE120W','0331150162',12,320,2800.0,1,1.25,2.5,1.8,2015,'kirada',14000,'USD',0,0,2,NULL,21,1,'2026-03-22 08:18:13.901539','2026-03-26 09:05:28.400022',NULL,NULL,0,NULL,NULL,0);
INSERT INTO "ekipman" VALUES('PM22','Akülü','MAKAS','Haulotte','COMPACT 8','2109941',8,350,1650.0,1,1.25,2.5,1.8,2022,'kirada',13000,'EUR',0,0,2,NULL,22,1,'2026-03-22 13:54:40.969683','2026-04-02 12:11:56.385285',2,2,0,NULL,NULL,0);
INSERT INTO "ekipman" VALUES('PM23','Akülü','MAKAS','Dingli','JCPT0807 HD','MS220217-8',8,350,1650.0,1,1.25,2.5,1.8,2022,'kirada',15000,'USD',0,0,2,NULL,23,1,'2026-03-22 14:02:56.056444','2026-04-02 16:17:36.137463',2,NULL,0,NULL,NULL,0);
INSERT INTO "ekipman" VALUES('PM24','Akülü','MAKAS','Mantall','XE 120W','0331150155',12,350,2800.0,1,1.25,2.5,1.8,2015,'kirada',10000,'USD',0,0,2,NULL,24,1,'2026-03-22 14:04:55.583086','2026-03-31 05:10:51.867929',2,NULL,0,NULL,NULL,0);
INSERT INTO "ekipman" VALUES('PM25','Akülü','MAKAS','Zoomlion','ZS0607HD','0775300001N002518',8,230,1600.0,1,1.25,2.5,1.8,2020,'kirada',8500,'USD',0,0,2,NULL,25,1,'2026-03-22 14:07:42.316121','2026-04-02 20:43:09.298486',2,NULL,0,NULL,NULL,0);
INSERT INTO "ekipman" VALUES('PM26','Akülü','MAKAS','Sinoboom','GTJZ0608S','0103811945',8,230,1600.0,1,1.25,2.5,1.8,2022,'kirada',9500,'USD',0,0,2,NULL,26,1,'2026-03-22 14:10:40.793696','2026-04-02 20:51:25.323207',NULL,NULL,0,NULL,NULL,0);
INSERT INTO "ekipman" VALUES('PM27','Akülü','MAKAS','Sinoboom','GTJZ0608S','0103811504',8,230,1600.0,1,1.25,2.5,1.8,2022,'bosta',9500,'USD',0,0,2,NULL,27,1,'2026-03-22 15:21:59.078618',NULL,NULL,NULL,0,NULL,NULL,0);
INSERT INTO "ekipman" VALUES('PM28','Akülü','MAKAS','Zoomlion','ZS0808 HD','0775400000N000831',10,230,2060.0,1,0.81,2.49,2.4,2022,'kirada',10500,'USD',0,0,2,NULL,28,1,'2026-03-22 15:21:59.080068','2026-03-26 14:28:53.124429',NULL,3,0,NULL,NULL,0);
INSERT INTO "ekipman" VALUES('PM29','Akülü','MAKAS','Zoomlion','ZS0808 HD','0775400000N000818',10,230,2200.0,1,1.25,2.5,1.8,2022,'bosta',10500,'USD',0,0,2,NULL,29,1,'2026-03-22 15:21:59.081044','2026-03-26 08:32:43.784538',NULL,NULL,0,NULL,NULL,0);
INSERT INTO "ekipman" VALUES('PM30','Akülü','MAKAS','Zoomlion','ZS0808 HD','0775400000N000809',10,230,2200.0,1,1.25,2.5,1.8,2022,'bosta',10500,'USD',0,0,1,NULL,30,1,'2026-03-22 15:21:59.082017','2026-03-30 08:53:22.188398',NULL,2,0,NULL,NULL,0);
INSERT INTO "ekipman" VALUES('PM31','Akülü','MAKAS','Zoomlion','ZS0808 HD','0775400000N000806',10,230,2200.0,1,1.25,2.5,1.8,2022,'kirada',10500,'USD',0,0,2,NULL,31,1,'2026-03-22 15:21:59.082983','2026-04-02 21:39:25.353458',NULL,NULL,0,NULL,NULL,0);
INSERT INTO "ekipman" VALUES('PM32','Akülü','MAKAS','Sinoboom','GTJZ0608S','0103814467',8,230,1600.0,1,1.25,2.5,1.8,2023,'kirada',10500,'USD',0,0,1,NULL,32,1,'2026-03-22 15:21:59.083942','2026-04-02 21:23:15.779386',NULL,NULL,0,NULL,NULL,0);
INSERT INTO "ekipman" VALUES('PM33','Akülü','MAKAS','Sinoboom','GTJZ0608S','0103814471',8,230,1600.0,1,1.25,2.5,1.8,2023,'kirada',10500,'USD',0,0,2,NULL,33,1,'2026-03-22 15:21:59.084878','2026-04-02 20:32:17.983072',NULL,NULL,0,NULL,NULL,0);
INSERT INTO "ekipman" VALUES('PM34','Akülü','MAKAS','Sinoboom','GTJZ0608S','0103814321',8,230,1600.0,1,1.25,2.5,1.8,2023,'kirada',10500,'USD',0,0,2,NULL,34,1,'2026-03-22 15:21:59.085820','2026-04-02 21:47:06.611631',NULL,NULL,0,NULL,NULL,0);
INSERT INTO "ekipman" VALUES('PM35','Akülü','MAKAS','Sinoboom','GTJZ0608S','0106400152',16,350,3500.0,1,1.25,2.5,1.8,2023,'kirada',22000,'USD',0,0,2,NULL,35,1,'2026-03-22 15:21:59.086749','2026-03-25 14:51:06.234281',NULL,NULL,0,NULL,NULL,0);
INSERT INTO "ekipman" VALUES('PM36','Akülü','MAKAS','Zoomlion','ZS0407 DCS','0775200101R000615',6,240,1100.0,1,1.25,2.5,1.8,2024,'kirada',7100,'USD',0,0,2,NULL,36,1,'2026-03-22 15:21:59.088336','2026-04-02 20:38:45.122011',NULL,NULL,0,NULL,NULL,0);
INSERT INTO "ekipman" VALUES('PM37','Akülü','MAKAS','Zoomlion','ZS0407 DCS','0775200101R000663',6,240,1100.0,1,1.25,2.5,1.8,2024,'bosta',7000,'USD',0,0,2,NULL,37,1,'2026-03-22 15:21:59.089413',NULL,NULL,NULL,0,NULL,NULL,0);
INSERT INTO "ekipman" VALUES('PM38','Akülü','MAKAS','Zoomlion','ZS0607 HD','0775303002R000495',8,230,1600.0,1,1.25,2.5,1.8,2024,'bosta',10000,'USD',0,0,1,NULL,38,1,'2026-03-22 15:21:59.090476','2026-04-02 19:28:39.262527',NULL,NULL,0,NULL,NULL,0);
INSERT INTO "ekipman" VALUES('PM39','Akülü','EKLEMLI PLATFORM','Zoomlion','ZA14NJE','2564300500R000035',16,230,4500.0,1,1.25,2.5,2.2,2025,'kirada',42000,'USD',0,0,2,NULL,39,1,'2026-03-22 15:21:59.091826','2026-04-01 08:19:56.642872',NULL,2,0,NULL,NULL,0);
INSERT INTO "ekipman" VALUES('PM40','Akülü','MAKAS','Dingli','JCPT1008HA','MS211105-2',10,230,2200.0,1,0.83,2.48,2.36,2021,'kirada',9000,'USD',0,0,2,NULL,40,1,'2026-03-22 15:21:59.093262','2026-03-26 14:28:53.127254',NULL,3,0,NULL,NULL,0);
INSERT INTO "ekipman" VALUES('PM41','Akülü','MAKAS','Dingli','JCPT0607DCS','MS220318-4',6,230,1100.0,1,1.25,2.5,2.2,2022,'bosta',7500,'USD',0,0,2,NULL,41,1,'2026-03-22 15:21:59.097287',NULL,NULL,NULL,0,NULL,NULL,0);
INSERT INTO "ekipman" VALUES('PF-1','Dizel','FORKLIFT','LONKING','LG30DT','320030518729',4,3000,4500.0,1,1.5,3.25,2.2,2020,'bosta',14500,'USD',0,0,1,NULL,42,1,'2026-03-22 15:21:59.098361','2026-03-22 15:34:40.753513',NULL,2,0,NULL,NULL,1);
INSERT INTO "ekipman" VALUES('PF-2','Dizel','FORKLIFT','YGS','FD35','216012128',4,3500,5200.0,1,1.5,3.25,2.2,2020,'kirada',1100,'USD',0,0,2,NULL,43,1,'2026-03-22 15:21:59.099329','2026-04-02 20:26:14.777350',NULL,2,0,NULL,NULL,0);
CREATE TABLE firma (
	firma_adi VARCHAR(150) NOT NULL, 
	yetkili_adi VARCHAR(100) NOT NULL, 
	telefon VARCHAR(20), 
	eposta VARCHAR(120), 
	iletisim_bilgileri TEXT NOT NULL, 
	tckn VARCHAR(11), 
	mersis_no VARCHAR(16), 
	ticaret_sicil_no VARCHAR(50), 
	adres_satiri_1 VARCHAR(250), 
	adres_satiri_2 VARCHAR(250), 
	ilce VARCHAR(100), 
	il VARCHAR(100), 
	posta_kodu VARCHAR(20), 
	ulke VARCHAR(100) NOT NULL, 
	ulke_kodu VARCHAR(2) NOT NULL, 
	web_sitesi VARCHAR(200), 
	etiket_uuid VARCHAR(120), 
	is_efatura_mukellefi BOOLEAN NOT NULL, 
	vergi_dairesi VARCHAR(100) NOT NULL, 
	vergi_no VARCHAR(50) NOT NULL, 
	is_musteri BOOLEAN NOT NULL, 
	is_tedarikci BOOLEAN NOT NULL, 
	bakiye NUMERIC(15, 2) NOT NULL, 
	sozlesme_no VARCHAR(50), 
	sozlesme_rev_no INTEGER, 
	sozlesme_tarihi DATE, 
	bulut_klasor_adi VARCHAR(100), 
	imza_yetkisi_kontrol_edildi BOOLEAN NOT NULL, 
	imza_yetkisi_kontrol_tarihi DATETIME, 
	imza_yetkisi_kontrol_eden_id INTEGER, 
	imza_arsiv_notu VARCHAR(255), 
	id INTEGER NOT NULL, 
	is_active BOOLEAN NOT NULL, 
	created_at DATETIME NOT NULL, 
	updated_at DATETIME, 
	created_by_id INTEGER, 
	updated_by_id INTEGER, 
	is_deleted BOOLEAN NOT NULL, 
	deleted_at DATETIME, 
	deleted_by_id INTEGER, 
	CONSTRAINT pk_firma PRIMARY KEY (id), 
	CONSTRAINT uq_firma_bulut_klasor_adi UNIQUE (bulut_klasor_adi)
);
INSERT INTO "firma" VALUES('SCM MARINE TURIZM TIC LTD.ŞTI','Bayram sayın','','','eskiçeşme mah. caferpaşa cad. no:9 bodrum/muğla',NULL,NULL,NULL,NULL,NULL,NULL,NULL,NULL,'Turkiye','TR',NULL,NULL,0,'kurumlar','7570461481',1,0,-29497,'PS-2026-032',0,'2026-03-23','7570461481_scm_mari',0,NULL,NULL,NULL,1,1,'2026-03-23 06:19:49.691022','2026-04-01 09:07:17.750849',2,2,0,NULL,NULL);
INSERT INTO "firma" VALUES('AHMET AKDEMIR','nizamettin aydemir','05425460868','ahmet@sahis.com','istiklal mah perçem sokak no 36 d:2 esenyurt istanbul',NULL,NULL,NULL,NULL,NULL,NULL,NULL,NULL,'Turkiye','TR',NULL,NULL,0,'tc','34109300976',1,0,0,'PS-2026-033',0,'2026-03-23','34109300976_ahmet_ak',0,NULL,NULL,NULL,2,1,'2026-03-23 08:07:22.003423','2026-03-23 10:45:55.483855',2,2,0,NULL,NULL);
INSERT INTO "firma" VALUES('ENSARİ BİLİCİ','ENSARİ BİLİCİ','05325436828','ensari@ensari.com','1332 sokak no 18/3 cumhuriyet mah ergene /tekirdağ',NULL,NULL,NULL,NULL,NULL,NULL,NULL,NULL,'Turkiye','TR',NULL,NULL,0,'tc','19567310316',1,0,0,'PS-2026-034',0,'2026-03-23','19567310316_ensari_b',0,NULL,NULL,NULL,3,1,'2026-03-23 10:51:11.059211','2026-03-23 10:52:19.684559',2,2,0,NULL,NULL);
INSERT INTO "firma" VALUES('ACR PLATFORM VE MAKİNA KİRALAMA HİZ. TİC. A.Ş.','Cenk yücel','0530 108 18 06','cenkyucel@rentrise.com.tr','anadolu mah. kanuni cad. no:30 34956 orhanlı istanbul',NULL,NULL,NULL,NULL,NULL,NULL,NULL,NULL,'Turkiye','TR',NULL,NULL,0,'tuzla','0050544697',1,1,162713.93,NULL,0,'2026-03-23',NULL,0,NULL,NULL,NULL,4,1,'2026-03-23 16:11:36.537824','2026-04-02 10:38:53.799692',2,NULL,0,NULL,NULL);
INSERT INTO "firma" VALUES('DURAK APAYDIN','durak apaydın','05312942360','durak@sahis.com','istanbul',NULL,NULL,NULL,NULL,NULL,NULL,NULL,NULL,'Turkiye','TR',NULL,NULL,0,'tc','437779000388',1,0,0,'PS-2026-004',0,'2026-03-24','437779000388_durak_ap',0,NULL,NULL,NULL,5,1,'2026-03-24 07:18:11.817801','2026-03-24 15:27:00.363809',2,2,0,NULL,NULL);
INSERT INTO "firma" VALUES('ASES TEKNOLOJİ MEDYA TANITIM SAN. VE TİC LTD. ŞTİ.','Selman Battal','05413424446','','mimar sinan mah. selamiali efendi cad. no:67 iç kapı no :A üsküdar /istanbul',NULL,NULL,NULL,NULL,NULL,NULL,NULL,NULL,'Turkiye','TR',NULL,NULL,0,'üsküdar','0860972766',1,0,0,'PS-2025-083',0,'2026-03-25','0860972766_ases_tek',0,NULL,NULL,NULL,6,1,'2026-03-25 05:02:12.568655','2026-03-25 05:06:23.237624',2,3,0,NULL,NULL);
INSERT INTO "firma" VALUES('ATILIM DOĞALGAZ ISI SİSTEMLERİ İNŞ. SAN. VE TİC. LTD. ŞTİ.','ERGÜL ÖZDEMİR','05303151696','atilimmuhendisliktr@hotmail.com','TATLISU MAH. ELALMIŞ CAD. AKASYA APT. NO:40/107 ÜMRANİYE İSTANBUL',NULL,NULL,NULL,NULL,NULL,NULL,NULL,NULL,'Turkiye','TR',NULL,NULL,0,'BEYKOZ','1010070998',1,0,0,'PS-2025-037',0,'2026-03-25','1010070998_atilim_d',0,NULL,NULL,NULL,7,1,'2026-03-25 08:06:59.211169','2026-03-25 08:07:56.875498',3,3,0,NULL,NULL);
INSERT INTO "firma" VALUES('OBAYAPI İNŞAAT TAAH.VE DIŞ TİC.LTD.ŞTİ','Selçuk bayülken','0532 743 61 93','selcukbayulken@obayapi.com','Gayrettepe mah. vefabey sok. sabır ap. no:12 d:7',NULL,NULL,NULL,NULL,NULL,NULL,NULL,NULL,'Turkiye','TR',NULL,NULL,0,'mecidiyeköy','6320398768',1,1,0,'PS-2023-001',0,'2023-01-01','6320398768_obayapi_',0,NULL,NULL,NULL,8,1,'2026-03-25 14:48:04.448038','2026-03-25 14:49:33.195002',2,2,0,NULL,NULL);
INSERT INTO "firma" VALUES('MİNE FİDAN – FİDAN FORKLİFT KURTARICI VİNÇ','TEMEL FİDAN','05336515536','info@fidanforklift.com','OTO SANAYİ SİTESİ ÇELİK SOKAK NO:15 4. LEVENT/ İSTANBUL',NULL,NULL,NULL,NULL,NULL,NULL,NULL,NULL,'Turkiye','TR',NULL,NULL,0,'MASLAK','22042083810',1,0,245280.02,'PS-2025-116',0,'2025-11-25','22042083810_mine_fid',0,NULL,NULL,NULL,9,1,'2026-03-26 07:58:44.904378','2026-03-26 11:10:17.620536',3,3,0,NULL,NULL);
INSERT INTO "firma" VALUES('KAYRAM GIDA DAĞITIM VE PAZARLAMA TİCARET LİMİTED ŞİRKETİ','ERCAN BEY','','','ÇOBANÇEŞME MAH. SANAYİ CAD. NISH RESIDENCE A BLOK NO: 44 A İÇ KAPI NO: 104 BAHÇELİEVLER/ İSTANBUL',NULL,NULL,NULL,NULL,NULL,NULL,NULL,NULL,'Turkiye','TR',NULL,NULL,0,'YENİBOSNA','4150489045',1,0,4200.4,'PS-2026-035',0,'2026-03-26','4150489045_kayram_g',0,NULL,NULL,NULL,10,1,'2026-03-26 14:21:02.811001','2026-04-01 09:07:40.806963',3,3,0,NULL,NULL);
INSERT INTO "firma" VALUES('SEMT AJANS REKLAM ORG.MAK.HIRD.END.ÜRÜN.İÇ VE DIŞ TİC. LTD.ŞTİ','Tarık Bey','05301040505','','Adnan Kahveci Mah. Paşabahçe Cd. Ceylan Rezidans B blok No:82 Beylikdüzü İstanbul',NULL,NULL,NULL,NULL,NULL,NULL,NULL,NULL,'Turkiye','TR',NULL,NULL,0,'Büyükçekmece Vd.','7610523291',1,0,0,'PS-2026-036',0,'2026-03-28','7610523291_semt_aja',0,NULL,NULL,NULL,11,1,'2026-03-28 05:58:22.272982','2026-03-28 05:58:53.167461',2,2,0,NULL,NULL);
INSERT INTO "firma" VALUES('MÜCAHİT DEMİREL','mücahit demirel','05385080352','sahıs@sahıs.com','kadosan oto sanayi sitesi ümraniye istanbul',NULL,NULL,NULL,NULL,NULL,NULL,NULL,NULL,'Turkiye','TR',NULL,NULL,0,'tc','34835112164',1,0,0,'PS-2026-037',0,'2026-03-29','34835112164_mucahit_',0,NULL,NULL,NULL,12,1,'2026-03-29 08:35:29.539022','2026-03-29 08:43:38.535069',2,2,0,NULL,NULL);
INSERT INTO "firma" VALUES('GEYLANİ ERCAN','Geylani Ercan','05052494984','aliercan98989@gmail.com','Yeşilbayır mah. Yaup Sk. No:16 A Arnavutköy İstanbuş',NULL,NULL,NULL,NULL,NULL,NULL,NULL,NULL,'Turkiye','TR',NULL,NULL,0,'Büyükçekmece Vd.','346092886480',1,1,0,NULL,0,'2026-03-29',NULL,0,NULL,NULL,NULL,13,1,'2026-03-29 08:43:01.331406',NULL,2,NULL,0,NULL,NULL);
INSERT INTO "firma" VALUES('AKTİF BESİN ANONİM ŞİRKETİ','MURAT BEY','0554 606 35 23','','İKİTELLİ OSB MH. MİLAS CAD. NO:1/10 BAŞAKŞEHİR',NULL,NULL,NULL,NULL,NULL,NULL,NULL,NULL,'Turkiye','TR',NULL,NULL,0,'İKİTELLİ','0420823060',1,0,0,'PS-2026-010',0,'2026-03-30','0420823060_aktif_be',0,NULL,NULL,NULL,14,1,'2026-03-30 05:06:34.125924','2026-03-30 05:13:15.827372',3,3,0,NULL,NULL);
INSERT INTO "firma" VALUES('AKILLAR MÜHENDİSLİK OTOMASYON ELEKTRİK TAAHHÜT SANAYİ VE TİCARET LİMİTED ŞİRKETİ','ÖNDER AKILLAR','0 533 658 52 69','info@akillarmuhendislik.com','SEYRANTEPE CAD. 4/E 34480  Başakşehir / İstanbul ',NULL,NULL,NULL,NULL,NULL,NULL,NULL,NULL,'Turkiye','TR',NULL,NULL,0,'İKİTELLİ','0250718334',1,0,0,'PS-2026-038',0,'2026-03-30','0250718334_akillar_',0,NULL,NULL,NULL,15,1,'2026-03-30 05:31:52.227262','2026-03-30 05:35:02.671488',3,3,0,NULL,NULL);
INSERT INTO "firma" VALUES('ÇAĞDAŞ YAPI ELEKTRİK MÜHENDİSLİK SAN VE TİC. LTD. ŞTİ','SEFA ÇELİK','0536 269 04 36','cagdaselektrik.46@gmail.com','İKİTELLİ OSB MAH. DERSANKOOP SAN SİT. S1 E BLOK NO:129 BAŞAKŞEHİR İSTANBUL',NULL,NULL,NULL,NULL,NULL,NULL,NULL,NULL,'Turkiye','TR',NULL,NULL,0,'ikitelli','2170920480',1,1,0,'PS-2025-117',0,'2025-12-03','2170920480_cagdas_y',0,NULL,NULL,NULL,16,1,'2026-03-30 12:34:02.153707','2026-04-02 12:09:47.522931',3,3,0,NULL,NULL);
INSERT INTO "firma" VALUES('KELEŞ MEKANİK TESİSAT DOĞAL GAZ SİSTEMLERİ SAN VE TİC LTD ŞTİ','FERDİ BEY','0 553 349 10 20','','SELAHADDİN EYUBİ MH. 1605 SK. NO:7-C D:1 ESENYURT/ İSTANBUL ',NULL,NULL,NULL,NULL,NULL,NULL,NULL,NULL,'Turkiye','TR',NULL,NULL,0,'ESENYURT','5431555733',1,0,0,'PS-2026-020',0,'2026-02-28','5431555733_keles_me',0,NULL,NULL,NULL,17,1,'2026-03-31 07:17:37.978689','2026-03-31 07:18:23.689099',3,3,0,NULL,NULL);
INSERT INTO "firma" VALUES('ÇELİK PLATFORM SERDAR ÇELİK','Serdar Çelik','','','İkitelli OSB Sefaköy San Sit 11. Blok No:8 Başakşehir İstanbul',NULL,NULL,NULL,NULL,NULL,NULL,NULL,NULL,'Turkiye','TR',NULL,NULL,0,'İkitelli','25202135552',1,0,0,'PS-2026-039',0,'2026-04-01','25202135552_celik_pl',0,NULL,NULL,NULL,18,1,'2026-04-01 08:14:33.170489','2026-04-01 08:15:20.083776',3,3,0,NULL,NULL);
INSERT INTO "firma" VALUES('BAAZ MİMARLIK İNŞAAT VE GIDA SANAYİ TİCARET LİMİTED ŞİRKETİ','sedat bey','0533 147 50 40','','ŞERİFALİ MAH. KIBLE SK. NO: 19 -21 İÇ KAPI NO: 18 ÜMRANİYE/ İSTANBUL',NULL,NULL,NULL,NULL,NULL,NULL,NULL,NULL,'Turkiye','TR',NULL,NULL,0,'SARIGAZİ ','1900669552',1,0,0,'PS-2026-013',0,'2026-02-09','1900669552_baaz_mim',0,NULL,NULL,NULL,19,1,'2026-04-01 09:10:12.245800','2026-04-01 09:12:03.675420',3,3,0,NULL,NULL);
INSERT INTO "firma" VALUES('HALİL İBRAHİM SEVER','HALİL İBRAHİM SEVER','0 533 328 07 68','','Marmara Mah. Ulusum Cad. Depo No:30/5 34524 Beylikdüzü / İstanbul',NULL,NULL,NULL,NULL,NULL,NULL,NULL,NULL,'Turkiye','TR',NULL,NULL,0,'Beylikdüzü','7650005147',1,0,0,'PS-2025-031',0,'2025-03-21','7650005147_halil_ib',0,NULL,NULL,NULL,20,1,'2026-04-01 09:41:40.618785','2026-04-01 09:43:57.834066',3,3,0,NULL,NULL);
INSERT INTO "firma" VALUES('ÖZİSMAK İSTİF MAKİNALARI SANAYİ VE TİCARET LİMİTED ŞİRKETİ','İBRAHİM BEY','05326642075','ibrahims@ozismak.com','İKİTELLİ OSB MAH. DOLAPDERE 25.ADA SK. DOLAPDERE SAN. NO:14 BAŞAKŞEHİR İSTANBUL',NULL,NULL,NULL,NULL,NULL,NULL,NULL,NULL,'Turkiye','TR',NULL,NULL,0,'İKİTELLİ','6940027205',1,0,-13400,'PS-2025-118',0,'2025-12-30','6940027205_ozismak_',0,NULL,NULL,NULL,21,1,'2026-04-02 10:44:22.673959','2026-04-02 11:01:14.720196',3,3,0,NULL,NULL);
INSERT INTO "firma" VALUES('TT MOTOR ANONİM ŞİRKETİ','ERSOY BEY','0 531 234 70 76','','KUŞTEPE MH.ÖMÜR SK. ALTI BAĞIMSIZ BÖLÜM NO: 11 ŞİŞLİ/ İSTANBUL',NULL,NULL,NULL,NULL,NULL,NULL,NULL,NULL,'Turkiye','TR',NULL,NULL,0,'KAĞITHANE ','8590535001',1,0,55332.7,'PS-2025-065',0,'2025-07-04','8590535001_tt_motor',0,NULL,NULL,NULL,22,1,'2026-04-02 12:17:40.077449','2026-04-02 12:21:24.463557',3,3,0,NULL,NULL);
INSERT INTO "firma" VALUES('VİNÇÇİM ERDEM ALDEMİR','ERDEM ALDEMİR','','','SAHİL MAH. ALSANCAK SK. KARMEN D2 AP No:4/33 BEYLİKDÜZÜ-İSTANBUL
',NULL,NULL,NULL,NULL,NULL,NULL,NULL,NULL,'Turkiye','TR',NULL,NULL,0,'BEYLİKDÜZÜ','3436075949',1,0,0,'PS-2025-068',0,'2025-07-16','3436075949_vinccim_',0,NULL,NULL,NULL,23,1,'2026-04-02 12:29:24.028641','2026-04-02 12:29:57.627530',3,3,0,NULL,NULL);
INSERT INTO "firma" VALUES('RENK MASTER PLASTİK VE KİMYA ENDÜSTRİ SAN VE TİC A.Ş.','Ali Bey','0 532 201 25 95','','Ortaköy Mahallesi Sabri Tunalı Caddesi No:3/A Ortaköy Sanayi Sitesi Silivri/İSTANBUL ',NULL,NULL,NULL,NULL,NULL,NULL,NULL,NULL,'Turkiye','TR',NULL,NULL,0,'ikitelli','7340940974',1,0,0,'PS-2025-055',0,'2025-05-21','7340940974_renk_mas',0,NULL,NULL,NULL,24,1,'2026-04-02 12:46:38.152540','2026-04-02 12:48:17.877269',3,3,0,NULL,NULL);
INSERT INTO "firma" VALUES('DAK ALÜMİNYUM YAPI VE CEPHE SİST. İTH. İHR. SAN VE TİC. LTD. ŞTİ','HARUN BEY','0 530 927 00 27','','YARIMBURGAZ MAH. 1.CUMHURİYET CD NO:81/A K.ÇEKMECE/İSTANBUL',NULL,NULL,NULL,NULL,NULL,NULL,NULL,NULL,'Turkiye','TR',NULL,NULL,0,'HALKALI','2671435578',1,0,0,NULL,0,'2026-04-02',NULL,0,NULL,NULL,NULL,25,1,'2026-04-02 20:28:56.882202',NULL,3,NULL,0,NULL,NULL);
INSERT INTO "firma" VALUES('TOPAZ İNŞAAT PAZARLAMA SANAYİ TİCARET LİMİTED ŞİRKETİ','AŞKIN BEY','5315919317','','ESENTEPE MAH. MİLANGAZ CAD. DUMANKAYA VİZYON A1 BLOK NO:77 /1 İÇ KAPI NO: 88 34870 Kartal / İstanbul

',NULL,NULL,NULL,NULL,NULL,NULL,NULL,NULL,'Turkiye','TR',NULL,NULL,0,'KARTAL','8520452928',1,0,0,NULL,0,'2026-04-02',NULL,0,NULL,NULL,NULL,26,1,'2026-04-02 20:34:59.447246',NULL,3,NULL,0,NULL,NULL);
INSERT INTO "firma" VALUES('LF ENDÜSTRİYEL MAĞAZA SİSTEMLERİ SANAYİ VE TİCARET AŞ','ENGİN BEY','0 533 927 34 26','','SELİMPAŞA MAH. 5008. SK. MANEK NO: 20 A İÇ KAPI NO: 2 SİLİVRİ/ İSTANBUL
',NULL,NULL,NULL,NULL,NULL,NULL,NULL,NULL,'Turkiye','TR',NULL,NULL,0,'SİLİVRİ','6080600043',1,0,0,NULL,0,'2026-04-02',NULL,0,NULL,NULL,NULL,27,1,'2026-04-02 20:49:06.713933',NULL,3,NULL,0,NULL,NULL);
INSERT INTO "firma" VALUES('NORVA MÜHENDİSLİK İNŞAAT GAYRİMENKUL SAN. TİC. LTD. ŞTİ.','İLYAS YILMAZ','0 531 901 38 24','','Meclis Mah. Teraziler Cad. Perpim San Sit No:31B/26 Sancaktepe - İSTANBUL',NULL,NULL,NULL,NULL,NULL,NULL,NULL,NULL,'Turkiye','TR',NULL,NULL,0,'SULTANBEYLİ','6321527603',1,0,0,NULL,0,'2026-04-02',NULL,0,NULL,NULL,NULL,28,1,'2026-04-02 21:13:18.722826',NULL,3,NULL,0,NULL,NULL);
INSERT INTO "firma" VALUES('MURAT DEMİREL','MURAT DEMİREL','0532 470 09 91','','MUSTAFA KEMALPAŞA MAH. ÇETİN SK. NO: 85 A AVCILAR/İSTANBUL',NULL,NULL,NULL,NULL,NULL,NULL,NULL,NULL,'Turkiye','TR',NULL,NULL,0,'AVCILAR','30688527346',1,0,0,NULL,0,'2026-04-02',NULL,0,NULL,NULL,NULL,29,1,'2026-04-02 21:36:11.654643',NULL,3,NULL,0,NULL,NULL);
INSERT INTO "firma" VALUES('KASKA METAL İNŞAAT LİMİTED ŞİRKETİ','RIDVAN BEY','05356665503','','BATTALGAZİ MAH. BOSTANCI SK.SULTAN SAN. SİT. B BLOK NO:1 B1/34 34935 Sultanbeyli / İstanbul
',NULL,NULL,NULL,NULL,NULL,NULL,NULL,NULL,'Turkiye','TR',NULL,NULL,0,'SULTANBEYLİ','5271037903',1,0,0,NULL,0,'2026-04-02',NULL,0,NULL,NULL,NULL,30,1,'2026-04-02 21:40:40.933688',NULL,3,NULL,0,NULL,NULL);
INSERT INTO "firma" VALUES('TOKSAN PLASTİK GERİ DÖNÜŞÜM SAN TİC LTD ŞTİ','SERDAR BEY','0532 054 40 60','','KAYABAŞI MAH. ULUBATLI HASAN CAD. GİRİŞ KAYAŞEHİR A3 BL NO:2A/26 BAŞAKŞEHİR / İSTANBUL',NULL,NULL,NULL,NULL,NULL,NULL,NULL,NULL,'Turkiye','TR',NULL,NULL,0,'BAŞAKŞEHİR','8480848747',1,0,0,NULL,0,'2026-04-02',NULL,0,NULL,NULL,NULL,31,1,'2026-04-02 21:53:05.029485',NULL,3,NULL,0,NULL,NULL);
INSERT INTO "firma" VALUES('SABANCI MAK. SAN. İTHALAT İHRACAT VE TİC. LTD. ŞTİ','NAİM SABANCIOĞLU','0532 231 57 05','serine@sabancimakina.com','VELİKÖY OSB MAH. 6. CADDE NO:18/1 ÇERKEZKÖY TEKİRDAĞ',NULL,NULL,NULL,NULL,NULL,NULL,NULL,NULL,'Turkiye','TR',NULL,NULL,0,'ÇERKEZKÖY','7360010443',1,0,0,'PS-2026-040',0,'2026-04-03','7360010443_sabanci_',0,NULL,NULL,NULL,32,1,'2026-04-03 09:56:19.408601','2026-04-03 09:56:32.826056',3,3,0,NULL,NULL);
CREATE TABLE hakedis (
	hakedis_no VARCHAR(50), 
	fatura_no VARCHAR(50), 
	belge_tipi VARCHAR(20) NOT NULL, 
	firma_id INTEGER NOT NULL, 
	kiralama_id INTEGER NOT NULL, 
	proje_adi VARCHAR(200), 
	santiye_adresi TEXT, 
	baslangic_tarihi DATE NOT NULL, 
	bitis_tarihi DATE NOT NULL, 
	uuid VARCHAR(36), 
	duzenleme_tarihi DATE NOT NULL, 
	duzenleme_saati TIME NOT NULL, 
	fatura_senaryosu VARCHAR(20), 
	fatura_tipi VARCHAR(20), 
	para_birimi VARCHAR(3), 
	kur_degeri NUMERIC(10, 4), 
	siparis_referans_no VARCHAR(50), 
	siparis_referans_tarihi DATE, 
	toplam_matrah NUMERIC(15, 2), 
	toplam_kdv NUMERIC(15, 2), 
	toplam_tevkifat NUMERIC(15, 2), 
	genel_toplam NUMERIC(15, 2), 
	durum VARCHAR(20), 
	is_faturalasti BOOLEAN, 
	cari_hareket_id INTEGER, 
	id INTEGER NOT NULL, 
	is_active BOOLEAN NOT NULL, 
	created_at DATETIME NOT NULL, 
	updated_at DATETIME, 
	created_by_id INTEGER, 
	updated_by_id INTEGER, 
	is_deleted BOOLEAN NOT NULL, 
	deleted_at DATETIME, 
	deleted_by_id INTEGER, 
	CONSTRAINT pk_hakedis PRIMARY KEY (id), 
	CONSTRAINT ck_hakedis_ck_hakedis_belge_tipi CHECK (belge_tipi IN ('EFATURA', 'EARSIV')), 
	CONSTRAINT ck_hakedis_ck_hakedis_durum CHECK (durum IN ('taslak', 'onaylandi', 'faturalasti', 'iptal')), 
	CONSTRAINT ck_hakedis_ck_hakedis_senaryo CHECK (fatura_senaryosu IN ('TEMELFATURA', 'TICARIFATURA')), 
	CONSTRAINT ck_hakedis_ck_hakedis_tip CHECK (fatura_tipi IN ('SATIS', 'IADE', 'TEVKIFAT', 'OZELMATRAH', 'ISTISNA')), 
	CONSTRAINT fk_hakedis_cari_hareket_id_hizmet_kaydi FOREIGN KEY(cari_hareket_id) REFERENCES hizmet_kaydi (id), 
	CONSTRAINT fk_hakedis_firma_id_firma FOREIGN KEY(firma_id) REFERENCES firma (id), 
	CONSTRAINT fk_hakedis_kiralama_id_kiralama FOREIGN KEY(kiralama_id) REFERENCES kiralama (id), 
	CONSTRAINT uq_hakedis_uuid UNIQUE (uuid)
);
CREATE TABLE hakedis_kalemi (
	hakedis_id INTEGER NOT NULL, 
	kiralama_kalemi_id INTEGER NOT NULL, 
	ekipman_id INTEGER NOT NULL, 
	mal_hizmet_adi VARCHAR(250) NOT NULL, 
	mal_hizmet_aciklama VARCHAR(500), 
	miktar NUMERIC(10, 2) NOT NULL, 
	birim_tipi VARCHAR(10), 
	birim_kodu VARCHAR(10) NOT NULL, 
	birim_fiyat NUMERIC(15, 2) NOT NULL, 
	ara_toplam NUMERIC(15, 2) NOT NULL, 
	iskonto_orani NUMERIC(5, 2), 
	iskonto_tutari NUMERIC(15, 2), 
	kdv_orani INTEGER, 
	kdv_tutari NUMERIC(15, 2), 
	tevkifat_kodu VARCHAR(10), 
	tevkifat_orani INTEGER, 
	tevkifat_pay INTEGER, 
	tevkifat_payda INTEGER, 
	tevkifat_tutari NUMERIC(15, 2), 
	ozel_matrah_tutari NUMERIC(15, 2), 
	ozel_matrah_kdv_orani INTEGER, 
	istisna_kodu VARCHAR(10), 
	istisna_nedeni VARCHAR(250), 
	satir_toplami NUMERIC(15, 2) NOT NULL, 
	id INTEGER NOT NULL, 
	is_active BOOLEAN NOT NULL, 
	created_at DATETIME NOT NULL, 
	updated_at DATETIME, 
	created_by_id INTEGER, 
	updated_by_id INTEGER, 
	is_deleted BOOLEAN NOT NULL, 
	deleted_at DATETIME, 
	deleted_by_id INTEGER, 
	CONSTRAINT pk_hakedis_kalemi PRIMARY KEY (id), 
	CONSTRAINT ck_hakedis_kalemi_ck_kalem_birim CHECK (birim_tipi IN ('DAY', 'MON', 'C62', 'HUR')), 
	CONSTRAINT fk_hakedis_kalemi_ekipman_id_ekipman FOREIGN KEY(ekipman_id) REFERENCES ekipman (id), 
	CONSTRAINT fk_hakedis_kalemi_hakedis_id_hakedis FOREIGN KEY(hakedis_id) REFERENCES hakedis (id)
);
CREATE TABLE hizmet_kaydi (
	firma_id INTEGER NOT NULL, 
	nakliye_id INTEGER, 
	ozel_id INTEGER, 
	tarih DATE NOT NULL, 
	tutar NUMERIC(15, 2) NOT NULL, 
	yon VARCHAR(20) NOT NULL, 
	fatura_no VARCHAR(50), 
	vade_tarihi DATE, 
	aciklama VARCHAR(250), 
	id INTEGER NOT NULL, 
	is_active BOOLEAN NOT NULL, 
	created_at DATETIME NOT NULL, 
	updated_at DATETIME, 
	created_by_id INTEGER, 
	updated_by_id INTEGER, 
	is_deleted BOOLEAN NOT NULL, 
	deleted_at DATETIME, 
	deleted_by_id INTEGER, 
	CONSTRAINT pk_hizmet_kaydi PRIMARY KEY (id), 
	CONSTRAINT ck_hizmet_kaydi_check_hizmet_yon CHECK (yon IN ('gelen', 'giden')), 
	CONSTRAINT fk_hizmet_kaydi_firma_id_firma FOREIGN KEY(firma_id) REFERENCES firma (id), 
	CONSTRAINT fk_hizmet_kaydi_nakliye_id_nakliye FOREIGN KEY(nakliye_id) REFERENCES nakliye (id) ON DELETE CASCADE
);
INSERT INTO "hizmet_kaydi" VALUES(4,6,NULL,'2026-03-23',4250,'giden',NULL,NULL,'Nakliye Hizmeti: 34ERJ782 | ikitelli - hadımköy',9,1,'2026-03-23 16:15:16.320170','2026-03-23 16:19:33.889459',NULL,NULL,0,NULL,NULL);
INSERT INTO "hizmet_kaydi" VALUES(5,NULL,4,'2026-04-02',6500,'giden','PF-2026/0051',NULL,'Kiralama Bekleyen Bakiye - PF-2026/0051',11,1,'2026-03-24 16:07:02.052265','2026-04-02 12:33:21.675224',NULL,NULL,0,NULL,NULL);
INSERT INTO "hizmet_kaydi" VALUES(1,NULL,1,'2026-04-02',15237,'giden','PF-2026/0045',NULL,'Kiralama Bekleyen Bakiye - PF-2026/0045',12,1,'2026-03-24 16:08:04.449028','2026-04-02 12:33:18.866728',NULL,NULL,0,NULL,NULL);
INSERT INTO "hizmet_kaydi" VALUES(2,NULL,2,'2026-04-02',10500,'giden','PF-2026/0049',NULL,'Kiralama Bekleyen Bakiye - PF-2026/0049',13,1,'2026-03-24 16:10:05.141503','2026-04-02 12:33:21.676741',NULL,NULL,0,NULL,NULL);
INSERT INTO "hizmet_kaydi" VALUES(4,11,NULL,'2026-03-24',2500,'giden',NULL,NULL,'Nakliye Hizmeti: 34ERJ782 | ikitelli sanayi içi',14,1,'2026-03-24 16:15:47.566178',NULL,NULL,NULL,0,NULL,NULL);
INSERT INTO "hizmet_kaydi" VALUES(4,13,NULL,'2026-03-25',4250,'giden',NULL,NULL,'Nakliye Hizmeti: 34ERJ782 | Esenyurt dhl depo ikitelli',16,1,'2026-03-25 06:31:26.791387',NULL,NULL,NULL,0,NULL,NULL);
INSERT INTO "hizmet_kaydi" VALUES(6,NULL,5,'2026-04-02',6500,'giden','PF-2026/0052',NULL,'Kiralama Bekleyen Bakiye - PF-2026/0052',17,1,'2026-03-25 07:17:44.985345','2026-04-02 12:33:21.674324',NULL,NULL,0,NULL,NULL);
INSERT INTO "hizmet_kaydi" VALUES(4,16,NULL,'2026-03-25',2500,'giden',NULL,NULL,'Nakliye Hizmeti: 34ERJ782 | ikitelli sanayi içi',19,1,'2026-03-25 14:42:43.302534',NULL,NULL,NULL,0,NULL,NULL);
INSERT INTO "hizmet_kaydi" VALUES(8,NULL,7,'2026-04-02',7506,'giden','PF-2026/0054',NULL,'Kiralama Bekleyen Bakiye - PF-2026/0054',20,1,'2026-03-25 14:51:06.243254','2026-04-02 12:33:21.672382',NULL,NULL,0,NULL,NULL);
INSERT INTO "hizmet_kaydi" VALUES(9,NULL,8,'2026-04-02',104800,'giden','PF-2025/0221',NULL,'Kiralama Bekleyen Bakiye - PF-2025/0221',21,1,'2026-03-26 08:05:14.254666','2026-04-02 12:30:08.547419',NULL,NULL,0,NULL,NULL);
INSERT INTO "hizmet_kaydi" VALUES(9,NULL,9,'2026-04-03',2400,'giden','PF-2026/0029-1',NULL,'Kiralama Bekleyen Bakiye - PF-2026/0029-1',22,1,'2026-03-26 08:17:13.988050','2026-04-03 05:31:09.058381',NULL,NULL,0,NULL,NULL);
INSERT INTO "hizmet_kaydi" VALUES(9,NULL,10,'2026-03-26',2000,'giden','PF-2026/0029-1',NULL,'Müşteri Dönüş Nakliye Bedeli (PM16) - PF-2026/0029-1',23,1,'2026-03-26 08:20:24.187517',NULL,NULL,NULL,0,NULL,NULL);
INSERT INTO "hizmet_kaydi" VALUES(9,NULL,10,'2026-04-03',30000,'giden','PF-2025/0233',NULL,'Kiralama Bekleyen Bakiye - PF-2025/0233',24,1,'2026-03-26 08:26:18.176031','2026-04-03 05:31:09.056748',NULL,NULL,0,NULL,NULL);
INSERT INTO "hizmet_kaydi" VALUES(9,NULL,11,'2026-04-03',42400.02,'giden','PF-2025/0241',NULL,'Kiralama Bekleyen Bakiye - PF-2025/0241',25,1,'2026-03-26 08:32:03.623437','2026-04-03 05:31:09.054632',NULL,NULL,0,NULL,NULL);
INSERT INTO "hizmet_kaydi" VALUES(9,NULL,12,'2026-04-03',8800,'giden','PF-2026/0007-1',NULL,'Kiralama Bekleyen Bakiye - PF-2026/0007-1',26,1,'2026-03-26 08:57:12.525512','2026-04-03 05:31:09.052428',NULL,NULL,0,NULL,NULL);
INSERT INTO "hizmet_kaydi" VALUES(9,NULL,13,'2026-04-03',1200,'giden','PF-2026/0023',NULL,'Kiralama Bekleyen Bakiye - PF-2026/0023',27,1,'2026-03-26 09:00:00.834260','2026-04-03 05:31:09.050248',NULL,NULL,0,NULL,NULL);
INSERT INTO "hizmet_kaydi" VALUES(9,NULL,14,'2026-04-03',1200,'giden','PF-2026/0027-1',NULL,'Kiralama Bekleyen Bakiye - PF-2026/0027-1',28,1,'2026-03-26 09:01:36.019049','2026-04-03 05:31:09.048214',NULL,NULL,0,NULL,NULL);
INSERT INTO "hizmet_kaydi" VALUES(9,NULL,15,'2026-04-03',9600,'giden','PF-2026/0029',NULL,'Kiralama Bekleyen Bakiye - PF-2026/0029',29,1,'2026-03-26 09:03:16.233191','2026-04-03 05:31:09.046131',NULL,NULL,0,NULL,NULL);
INSERT INTO "hizmet_kaydi" VALUES(9,NULL,16,'2026-04-03',23200,'giden','PF-2026/0020',NULL,'Kiralama Bekleyen Bakiye - PF-2026/0020',30,1,'2026-03-26 09:05:28.402082','2026-04-03 05:31:09.043439',NULL,NULL,0,NULL,NULL);
INSERT INTO "hizmet_kaydi" VALUES(9,NULL,18,'2026-04-03',7200,'giden','PF-2026/0048',NULL,'Kiralama Bekleyen Bakiye - PF-2026/0048',33,1,'2026-03-26 09:26:14.706844','2026-04-03 05:31:09.038867',NULL,NULL,0,NULL,NULL);
INSERT INTO "hizmet_kaydi" VALUES(3,NULL,3,'2026-04-02',8000,'giden','PF-2026/0050',NULL,'Kiralama Bekleyen Bakiye - PF-2026/0050',34,1,'2026-03-26 09:29:13.454055','2026-04-02 12:33:21.676076',NULL,NULL,0,NULL,NULL);
INSERT INTO "hizmet_kaydi" VALUES(9,NULL,NULL,'2026-01-15',3000,'giden','ARV2026000000002',NULL,'SERVİS - TOPKAPI',35,1,'2026-03-26 09:33:50.262130','2026-03-26 11:00:44.831463',3,3,0,NULL,NULL);
INSERT INTO "hizmet_kaydi" VALUES(9,NULL,NULL,'2026-03-03',3880,'giden','ARV2026000000011',NULL,'SERVİS BEDELİ',36,1,'2026-03-26 09:35:01.358653','2026-03-26 11:00:07.546016',3,3,0,NULL,NULL);
INSERT INTO "hizmet_kaydi" VALUES(4,NULL,NULL,'2026-03-26',6500,'gelen','PF-2026/0026',NULL,'Dış Kiralama (Güncelleme): HAULOTTE',37,1,'2026-03-26 09:48:21.704947',NULL,NULL,NULL,0,NULL,NULL);
INSERT INTO "hizmet_kaydi" VALUES(9,NULL,17,'2026-04-03',14400,'giden','PF-2026/0026',NULL,'Kiralama Bekleyen Bakiye - PF-2026/0026',38,1,'2026-03-26 09:48:21.713750','2026-04-03 05:31:09.041271',NULL,NULL,0,NULL,NULL);
INSERT INTO "hizmet_kaydi" VALUES(8,28,NULL,'2026-03-26',2500,'giden',NULL,NULL,'Nakliye Hizmeti: 34GSP972 | Ferhatpaşa-Viaport Avm',39,1,'2026-03-26 20:29:04.052172',NULL,NULL,NULL,0,NULL,NULL);
INSERT INTO "hizmet_kaydi" VALUES(8,29,NULL,'2026-03-27',2500,'giden',NULL,NULL,'Nakliye Hizmeti: 34GSP972 | Pendik Viaport - Ferhatpaşa OVM33',41,1,'2026-03-27 07:48:18.648609',NULL,NULL,NULL,0,NULL,NULL);
INSERT INTO "hizmet_kaydi" VALUES(11,NULL,20,'2026-04-03',7500,'giden','PF-2026/0056',NULL,'Kiralama Bekleyen Bakiye - PF-2026/0056',42,1,'2026-03-29 07:30:09.884330','2026-04-03 05:30:21.948090',NULL,NULL,0,NULL,NULL);
INSERT INTO "hizmet_kaydi" VALUES(12,NULL,21,'2026-04-03',5000,'giden','PF-2026/0057',NULL,'Kiralama Bekleyen Bakiye - PF-2026/0057',43,1,'2026-03-29 08:37:31.051776','2026-04-03 05:30:21.946966',NULL,NULL,0,NULL,NULL);
INSERT INTO "hizmet_kaydi" VALUES(14,NULL,22,'2026-04-03',4500,'giden','PF-2026/0058',NULL,'Kiralama Bekleyen Bakiye - PF-2026/0058',44,1,'2026-03-30 05:11:56.900833','2026-04-03 05:30:21.945780',NULL,NULL,0,NULL,NULL);
INSERT INTO "hizmet_kaydi" VALUES(4,35,NULL,'2026-03-27',4750,'giden',NULL,NULL,'Nakliye Hizmeti: 34ERJ782 | İkitelli - B.Çekmece',46,1,'2026-03-30 10:01:35.584017','2026-04-01 08:26:16.792446',NULL,NULL,0,NULL,NULL);
INSERT INTO "hizmet_kaydi" VALUES(8,36,NULL,'2026-03-03',2500,'giden',NULL,NULL,'Nakliye Hizmeti: 34GSP972 | Gebze-Ferhatpaşa',47,1,'2026-03-30 12:09:37.686840',NULL,NULL,NULL,0,NULL,NULL);
INSERT INTO "hizmet_kaydi" VALUES(4,37,NULL,'2026-03-05',2500,'giden',NULL,NULL,'Nakliye Hizmeti: 34ERJ782 | İkitelli Sanayi İçi Yer Değiştirme',48,1,'2026-03-30 12:11:53.335962',NULL,NULL,NULL,0,NULL,NULL);
INSERT INTO "hizmet_kaydi" VALUES(4,38,NULL,'2026-03-05',4250,'giden',NULL,NULL,'Nakliye Hizmeti: 34ERJ782 | Haramidere - İkitelli',49,1,'2026-03-30 12:17:05.646097',NULL,NULL,NULL,0,NULL,NULL);
INSERT INTO "hizmet_kaydi" VALUES(8,39,NULL,'2026-03-05',2500,'giden',NULL,NULL,'Nakliye Hizmeti: 34GSP972 | Üsküdar -Ferhatpaşa',50,1,'2026-03-30 12:21:15.843444',NULL,NULL,NULL,0,NULL,NULL);
INSERT INTO "hizmet_kaydi" VALUES(4,40,NULL,'2026-03-07',6000,'giden',NULL,NULL,'Nakliye Hizmeti: 34ERJ782 | Esenyurt - İkitelli ',51,1,'2026-03-30 12:24:01.071187',NULL,NULL,NULL,0,NULL,NULL);
INSERT INTO "hizmet_kaydi" VALUES(4,41,NULL,'2026-03-09',4250,'giden',NULL,NULL,'Nakliye Hizmeti: 34ERJ782 | İkitelli - Arnavutköy',52,1,'2026-03-30 12:25:15.186838',NULL,NULL,NULL,0,NULL,NULL);
INSERT INTO "hizmet_kaydi" VALUES(4,42,NULL,'2026-03-10',4250,'giden',NULL,NULL,'Nakliye Hizmeti: 34ERJ782 | İkitelli - Yenibosna',53,1,'2026-03-30 12:26:08.282976',NULL,NULL,NULL,0,NULL,NULL);
INSERT INTO "hizmet_kaydi" VALUES(4,43,NULL,'2026-03-10',4250,'giden',NULL,NULL,'Nakliye Hizmeti: 34ERJ782 | Yenibosna - İkitelli',54,1,'2026-03-30 12:26:59.088995','2026-04-01 08:25:15.058087',NULL,NULL,0,NULL,NULL);
INSERT INTO "hizmet_kaydi" VALUES(4,44,NULL,'2026-03-10',4250,'giden',NULL,NULL,'Nakliye Hizmeti: 34ERJ782 | Fatih - İkitelli',55,1,'2026-03-30 12:27:36.197349',NULL,NULL,NULL,0,NULL,NULL);
INSERT INTO "hizmet_kaydi" VALUES(8,45,NULL,'2026-03-11',1500,'giden',NULL,NULL,'Nakliye Hizmeti: 34GSP972 | Şerifali - Ferhatpaşa',56,1,'2026-03-30 12:28:47.729294',NULL,NULL,NULL,0,NULL,NULL);
INSERT INTO "hizmet_kaydi" VALUES(8,46,NULL,'2026-03-11',2500,'giden',NULL,NULL,'Nakliye Hizmeti: 34GSP972 | Üsküdar - Ferhatpaşa',57,1,'2026-03-30 12:30:04.890475',NULL,NULL,NULL,0,NULL,NULL);
INSERT INTO "hizmet_kaydi" VALUES(16,47,NULL,'2026-03-11',1300,'giden',NULL,NULL,'Nakliye Hizmeti: 34ERJ782 | TRİOS DEPOSİTO YER DEĞ.',58,1,'2026-03-30 12:34:47.559485',NULL,NULL,NULL,0,NULL,NULL);
INSERT INTO "hizmet_kaydi" VALUES(16,48,NULL,'2026-03-12',1300,'giden',NULL,NULL,'Nakliye Hizmeti: 34ERJ782 | DEPOSİTO - TRİOS',59,1,'2026-03-30 12:35:24.091321',NULL,NULL,NULL,0,NULL,NULL);
INSERT INTO "hizmet_kaydi" VALUES(16,49,NULL,'2026-03-28',3000,'giden',NULL,NULL,'Nakliye Hizmeti:  | İKİTELLİ - AVCILAR',60,1,'2026-03-30 12:36:19.454113',NULL,NULL,NULL,0,NULL,NULL);
INSERT INTO "hizmet_kaydi" VALUES(13,NULL,49,'2026-03-28',2500,'gelen',NULL,NULL,'Nakliye Taşeron Gideri: İKİTELLİ - AVCILAR ()',61,1,'2026-03-30 12:36:19.454726',NULL,NULL,NULL,0,NULL,NULL);
INSERT INTO "hizmet_kaydi" VALUES(4,50,NULL,'2026-03-16',2500,'giden',NULL,NULL,'Nakliye Hizmeti: 34ERJ782 | DEPOSİTO - İKİTELLİ',62,1,'2026-03-30 12:38:06.605776',NULL,NULL,NULL,0,NULL,NULL);
INSERT INTO "hizmet_kaydi" VALUES(4,51,NULL,'2026-03-17',4250,'giden',NULL,NULL,'Nakliye Hizmeti: 34ERJ782 | HADIMKÖY - İKİTELLİ',63,1,'2026-03-30 12:38:46.332332',NULL,NULL,NULL,0,NULL,NULL);
INSERT INTO "hizmet_kaydi" VALUES(5,NULL,24,'2026-04-03',10000,'giden','PF-2026/0060',NULL,'Kiralama Bekleyen Bakiye - PF-2026/0060',64,1,'2026-03-31 05:10:51.873623','2026-04-03 05:30:21.943402',NULL,NULL,0,NULL,NULL);
INSERT INTO "hizmet_kaydi" VALUES(8,55,NULL,'2026-03-28',1000,'giden',NULL,NULL,'Nakliye Hizmeti: 34ERJ782 | İkitelli Sefaköy Sanayi',65,1,'2026-03-31 07:31:35.583289',NULL,NULL,NULL,0,NULL,NULL);
INSERT INTO "hizmet_kaydi" VALUES(8,56,NULL,'2026-03-28',1000,'giden',NULL,NULL,'Nakliye Hizmeti: 34ERJ782 | İkitelli Sanayi',66,1,'2026-03-31 07:31:55.316203',NULL,NULL,NULL,0,NULL,NULL);
INSERT INTO "hizmet_kaydi" VALUES(8,57,NULL,'2026-03-31',1750,'giden',NULL,NULL,'Nakliye Hizmeti: 34GSP972 | Sancaktepe Sinpaş Metrolife',67,1,'2026-03-31 07:34:56.393962',NULL,NULL,NULL,0,NULL,NULL);
INSERT INTO "hizmet_kaydi" VALUES(4,58,NULL,'2026-03-30',4750,'giden',NULL,NULL,'Nakliye Hizmeti: 34ERJ782 | B.Çekmece - İkitelli',68,1,'2026-03-31 07:36:20.981407','2026-04-01 08:26:47.810612',NULL,NULL,0,NULL,NULL);
INSERT INTO "hizmet_kaydi" VALUES(4,59,NULL,'2026-03-31',4250,'giden',NULL,NULL,'Nakliye Hizmeti: 34ERJ782 | İKİTELLİ-ZEYTİNBURNU',69,1,'2026-03-31 09:53:58.114828',NULL,NULL,NULL,0,NULL,NULL);
INSERT INTO "hizmet_kaydi" VALUES(4,60,NULL,'2026-03-31',4250,'giden',NULL,NULL,'Nakliye Hizmeti: 34ERJ782 | ZEYTİNBURNU-İKİTELLİ',70,1,'2026-03-31 09:55:50.308669','2026-04-01 09:04:59.240370',NULL,NULL,0,NULL,NULL);
INSERT INTO "hizmet_kaydi" VALUES(17,NULL,25,'2026-04-03',29800,'giden','PF-2026/0032',NULL,'Kiralama Bekleyen Bakiye - PF-2026/0032',71,1,'2026-03-31 14:55:39.761427','2026-04-03 05:30:21.942197',NULL,NULL,0,NULL,NULL);
INSERT INTO "hizmet_kaydi" VALUES(20,NULL,28,'2026-04-03',206147.34,'giden','PF-2025/0057',NULL,'Kiralama Bekleyen Bakiye - PF-2025/0057',75,1,'2026-04-01 09:47:20.715686','2026-04-03 05:30:21.937979',NULL,NULL,0,NULL,NULL);
INSERT INTO "hizmet_kaydi" VALUES(4,65,NULL,'2026-02-03',3000,'giden',NULL,NULL,'Nakliye Hizmeti: 34ERJ782 | MOİ - İKİTELLİ',76,1,'2026-04-02 07:12:20.338578',NULL,NULL,NULL,0,NULL,NULL);
INSERT INTO "hizmet_kaydi" VALUES(4,66,NULL,'2026-02-03',4250,'giden',NULL,NULL,'Nakliye Hizmeti: 34ERJ782 | İKİTELLİ-Z.BURNU',77,1,'2026-04-02 07:12:47.807183',NULL,NULL,NULL,0,NULL,NULL);
INSERT INTO "hizmet_kaydi" VALUES(4,67,NULL,'2026-02-06',4250,'giden',NULL,NULL,'Nakliye Hizmeti: 34ERJ782 | İKİTELLİ-K.BURGAZ',78,1,'2026-04-02 07:13:53.430171',NULL,NULL,NULL,0,NULL,NULL);
INSERT INTO "hizmet_kaydi" VALUES(4,68,NULL,'2026-02-06',4250,'giden',NULL,NULL,'Nakliye Hizmeti:  | K.BURGAZ-İKİTELLİ',79,1,'2026-04-02 07:14:16.850770',NULL,NULL,NULL,0,NULL,NULL);
INSERT INTO "hizmet_kaydi" VALUES(4,69,NULL,'2026-02-09',4250,'giden',NULL,NULL,'Nakliye Hizmeti: 34ERJ782 | İKİTELLİ-K.BURGAZ',80,1,'2026-04-02 07:14:44.013774',NULL,NULL,NULL,0,NULL,NULL);
INSERT INTO "hizmet_kaydi" VALUES(4,70,NULL,'2026-02-11',4250,'giden',NULL,NULL,'Nakliye Hizmeti: 34ERJ782 | İKİTELLİ-ESENYURT',81,1,'2026-04-02 07:15:08.000832',NULL,NULL,NULL,0,NULL,NULL);
INSERT INTO "hizmet_kaydi" VALUES(4,71,NULL,'2026-02-13',4250,'giden',NULL,NULL,'Nakliye Hizmeti:  | İKİTELLİ-ESENYURT',82,1,'2026-04-02 07:15:31.181610',NULL,NULL,NULL,0,NULL,NULL);
INSERT INTO "hizmet_kaydi" VALUES(4,72,NULL,'2026-02-16',4250,'giden',NULL,NULL,'Nakliye Hizmeti: 34ERJ782 | BEŞİKTAŞ-İKİTELLİ',83,1,'2026-04-02 07:15:57.462175',NULL,NULL,NULL,0,NULL,NULL);
INSERT INTO "hizmet_kaydi" VALUES(4,73,NULL,'2026-02-16',4250,'giden',NULL,NULL,'Nakliye Hizmeti: 34ERJ782 | H.DERE-İKİTELLİ',84,1,'2026-04-02 07:42:00.600004',NULL,NULL,NULL,0,NULL,NULL);
INSERT INTO "hizmet_kaydi" VALUES(4,74,NULL,'2026-02-16',4250,'giden',NULL,NULL,'Nakliye Hizmeti: 34ERJ782 | HADIMKÖY-İKİTELLİ',85,1,'2026-04-02 07:43:04.568393',NULL,NULL,NULL,0,NULL,NULL);
INSERT INTO "hizmet_kaydi" VALUES(4,75,NULL,'2026-02-17',7000,'giden',NULL,NULL,'Nakliye Hizmeti: 34ERJ782 | BEYOĞLU-İKİTELLİ',86,1,'2026-04-02 07:43:47.704193',NULL,NULL,NULL,0,NULL,NULL);
INSERT INTO "hizmet_kaydi" VALUES(4,76,NULL,'2026-02-18',10500,'giden',NULL,NULL,'Nakliye Hizmeti: 34ERJ782 | İKİTELLİ-ERGENE',87,1,'2026-04-02 07:44:15.490514',NULL,NULL,NULL,0,NULL,NULL);
INSERT INTO "hizmet_kaydi" VALUES(4,77,NULL,'2026-02-19',4250,'giden',NULL,NULL,'Nakliye Hizmeti: 34ERJ782 | İKİTELLİ-HOŞDERE',88,1,'2026-04-02 07:44:37.502384',NULL,NULL,NULL,0,NULL,NULL);
INSERT INTO "hizmet_kaydi" VALUES(4,78,NULL,'2026-02-20',4250,'giden',NULL,NULL,'Nakliye Hizmeti: 34ERJ782 | İKİTELLİ-ESENYURT',89,1,'2026-04-02 07:45:03.286882',NULL,NULL,NULL,0,NULL,NULL);
INSERT INTO "hizmet_kaydi" VALUES(4,79,NULL,'2026-02-20',3750,'giden',NULL,NULL,'Nakliye Hizmeti: 34ERJ782 | ESENYURT-İKİTELLİ',90,1,'2026-04-02 07:45:22.069489','2026-04-02 07:52:25.720422',NULL,NULL,0,NULL,NULL);
INSERT INTO "hizmet_kaydi" VALUES(4,80,NULL,'2026-02-24',4250,'giden',NULL,NULL,'Nakliye Hizmeti: 34ERJ782 | İKİTELLİ-ESENYURT',91,1,'2026-04-02 07:45:44.270732',NULL,NULL,NULL,0,NULL,NULL);
INSERT INTO "hizmet_kaydi" VALUES(4,81,NULL,'2026-02-20',3750,'giden',NULL,NULL,'Nakliye Hizmeti: 34ERJ782 | ESENYURT-İKİTELLİ',92,1,'2026-04-02 07:46:04.827143','2026-04-02 07:49:45.333520',NULL,NULL,0,NULL,NULL);
INSERT INTO "hizmet_kaydi" VALUES(4,82,NULL,'2026-02-27',5000,'giden',NULL,NULL,'Nakliye Hizmeti: 34ERJ782 | İKİTELLİ-B.EVLER',93,1,'2026-04-02 07:46:29.618620',NULL,NULL,NULL,0,NULL,NULL);
INSERT INTO "hizmet_kaydi" VALUES(4,83,NULL,'2026-02-27',4250,'giden',NULL,NULL,'Nakliye Hizmeti: 34ERJ782 | İKİTELLİ-HADIMKÖT',94,1,'2026-04-02 07:46:58.804243',NULL,NULL,NULL,0,NULL,NULL);
INSERT INTO "hizmet_kaydi" VALUES(4,84,NULL,'2026-01-03',4250,'giden',NULL,NULL,'Nakliye Hizmeti: 34ERJ782 | ESENYURT-İKİTELLİ',95,1,'2026-04-02 08:00:58.490231',NULL,NULL,NULL,0,NULL,NULL);
INSERT INTO "hizmet_kaydi" VALUES(4,85,NULL,'2026-01-05',4250,'giden',NULL,NULL,'Nakliye Hizmeti: 34ERJ782 | İKİTELLİ-K.BURGAZ',96,1,'2026-04-02 08:01:26.862410',NULL,NULL,NULL,0,NULL,NULL);
INSERT INTO "hizmet_kaydi" VALUES(4,86,NULL,'2026-01-07',4250,'giden',NULL,NULL,'Nakliye Hizmeti: 34ERJ782 | İKİTELLİ-ESENYURT',97,1,'2026-04-02 08:01:51.107039',NULL,NULL,NULL,0,NULL,NULL);
INSERT INTO "hizmet_kaydi" VALUES(4,87,NULL,'2026-01-08',2500,'giden',NULL,NULL,'Nakliye Hizmeti: 34ERJ782 | İOSB -İKİTELLİ',98,1,'2026-04-02 08:02:26.350896',NULL,NULL,NULL,0,NULL,NULL);
INSERT INTO "hizmet_kaydi" VALUES(4,88,NULL,'2026-01-08',4250,'giden',NULL,NULL,'Nakliye Hizmeti: 34ERJ782 | K.BURGAZ-İKİTELLİ',99,1,'2026-04-02 08:02:47.242959',NULL,NULL,NULL,0,NULL,NULL);
INSERT INTO "hizmet_kaydi" VALUES(4,89,NULL,'2026-01-09',4250,'giden',NULL,NULL,'Nakliye Hizmeti: 34ERJ782 | ESENYURT-İKİTELLİ',100,1,'2026-04-02 08:03:10.287141',NULL,NULL,NULL,0,NULL,NULL);
INSERT INTO "hizmet_kaydi" VALUES(4,90,NULL,'2026-01-13',4250,'giden',NULL,NULL,'Nakliye Hizmeti: 34ERJ782 | İKİTELLİ-ESENYURT',101,1,'2026-04-02 08:03:29.191792',NULL,NULL,NULL,0,NULL,NULL);
INSERT INTO "hizmet_kaydi" VALUES(4,91,NULL,'2026-01-14',4250,'giden',NULL,NULL,'Nakliye Hizmeti: 34ERJ782 | İKİTELLİ-MOİ',102,1,'2026-04-02 08:03:50.991187',NULL,NULL,NULL,0,NULL,NULL);
INSERT INTO "hizmet_kaydi" VALUES(4,92,NULL,'2026-01-14',4250,'giden',NULL,NULL,'Nakliye Hizmeti: 34ERJ782 | İKİTELLİ-ESENYURT',103,1,'2026-04-02 08:04:13.959067',NULL,NULL,NULL,0,NULL,NULL);
INSERT INTO "hizmet_kaydi" VALUES(4,93,NULL,'2026-01-14',4250,'giden',NULL,NULL,'Nakliye Hizmeti: 34ERJ782 | ESENYURT-İKİTELLİ',104,1,'2026-04-02 08:04:36.194634',NULL,NULL,NULL,0,NULL,NULL);
INSERT INTO "hizmet_kaydi" VALUES(4,94,NULL,'2026-01-15',4250,'giden',NULL,NULL,'Nakliye Hizmeti: 34ERJ782 | İKİTELLİ-K.ŞEHİR',105,1,'2026-04-02 08:05:02.908931',NULL,NULL,NULL,0,NULL,NULL);
INSERT INTO "hizmet_kaydi" VALUES(4,95,NULL,'2026-01-16',3250,'giden',NULL,NULL,'Nakliye Hizmeti: 34ERJ782 | İKİTELLİ-MOİ',106,1,'2026-04-02 08:05:27.257670',NULL,NULL,NULL,0,NULL,NULL);
INSERT INTO "hizmet_kaydi" VALUES(4,96,NULL,'2026-01-16',2500,'giden',NULL,NULL,'Nakliye Hizmeti: 34ERJ782 | İOSB-İKİTELLİ',107,1,'2026-04-02 08:06:01.086643',NULL,NULL,NULL,0,NULL,NULL);
INSERT INTO "hizmet_kaydi" VALUES(4,97,NULL,'2026-01-21',5000,'giden',NULL,NULL,'Nakliye Hizmeti: 34ERJ782 | İKİTELLİ-FATİH',108,1,'2026-04-02 08:06:22.269380',NULL,NULL,NULL,0,NULL,NULL);
INSERT INTO "hizmet_kaydi" VALUES(4,98,NULL,'2026-01-21',4000,'giden',NULL,NULL,'Nakliye Hizmeti: 34ERJ782 | YEŞİLKÖY-İKİTELLİ',109,1,'2026-04-02 08:06:51.486323',NULL,NULL,NULL,0,NULL,NULL);
INSERT INTO "hizmet_kaydi" VALUES(4,99,NULL,'2026-01-22',5000,'giden',NULL,NULL,'Nakliye Hizmeti: 34ERJ782 | İKİTELLİ-Y.BOSNA',110,1,'2026-04-02 08:07:15.747974',NULL,NULL,NULL,0,NULL,NULL);
INSERT INTO "hizmet_kaydi" VALUES(4,100,NULL,'2026-01-22',4250,'giden',NULL,NULL,'Nakliye Hizmeti: 34ERJ782 | YENİBOSNA-İKİTELLİ',111,1,'2026-04-02 08:07:45.368188',NULL,NULL,NULL,0,NULL,NULL);
INSERT INTO "hizmet_kaydi" VALUES(4,101,NULL,'2026-01-23',4250,'giden',NULL,NULL,'Nakliye Hizmeti: 34ERJ782 | İKİTELLİ-HADIMKÖY',112,1,'2026-04-02 08:08:07.976025',NULL,NULL,NULL,0,NULL,NULL);
INSERT INTO "hizmet_kaydi" VALUES(4,102,NULL,'2026-01-24',4250,'giden',NULL,NULL,'Nakliye Hizmeti: 34ERJ782 | İKİTELLİ-K.BURGAZ',113,1,'2026-04-02 08:08:31.521602',NULL,NULL,NULL,0,NULL,NULL);
INSERT INTO "hizmet_kaydi" VALUES(4,103,NULL,'2026-01-26',2500,'giden',NULL,NULL,'Nakliye Hizmeti: 34ERJ782 | İOSB-İKİTELLİ',114,1,'2026-04-02 08:08:55.841731',NULL,NULL,NULL,0,NULL,NULL);
INSERT INTO "hizmet_kaydi" VALUES(4,104,NULL,'2026-01-27',4250,'giden',NULL,NULL,'Nakliye Hizmeti: 34ERJ782 | İKİTELLİ-HADIMKÖY',115,1,'2026-04-02 08:09:18.616545',NULL,NULL,NULL,0,NULL,NULL);
INSERT INTO "hizmet_kaydi" VALUES(10,NULL,19,'2026-04-03',14467.2,'giden','PF-2026/0055',NULL,'Kiralama Bekleyen Bakiye - PF-2026/0055',117,1,'2026-04-02 08:12:09.334321','2026-04-03 05:30:21.949270',NULL,NULL,0,NULL,NULL);
INSERT INTO "hizmet_kaydi" VALUES(4,NULL,NULL,'2026-04-02',60600,'gelen','PF-2025/0248',NULL,'Dış Kiralama: HAULOTTE',118,1,'2026-04-02 10:57:29.247303',NULL,NULL,NULL,0,NULL,NULL);
INSERT INTO "hizmet_kaydi" VALUES(21,NULL,29,'2026-04-03',77000,'giden','PF-2025/0248',NULL,'Kiralama Bekleyen Bakiye - PF-2025/0248',119,1,'2026-04-02 10:57:29.250879','2026-04-03 04:31:11.529790',NULL,NULL,0,NULL,NULL);
INSERT INTO "hizmet_kaydi" VALUES(16,108,NULL,'2026-02-02',1300,'giden',NULL,NULL,'Nakliye Hizmeti: 34ERJ782 | Çakıcı Deposito Yer Değ',120,1,'2026-04-02 12:04:43.390092',NULL,NULL,NULL,0,NULL,NULL);
INSERT INTO "hizmet_kaydi" VALUES(16,109,NULL,'2026-02-04',1300,'giden',NULL,NULL,'Nakliye Hizmeti: 34ERJ782 | Deposito Trios Yer Değ',121,1,'2026-04-02 12:05:58.576595',NULL,NULL,NULL,0,NULL,NULL);
INSERT INTO "hizmet_kaydi" VALUES(16,110,NULL,'2026-01-10',2500,'giden',NULL,NULL,'Nakliye Hizmeti: 34ERJ782 | Bayrampaşa Gidiş',122,1,'2026-04-02 12:06:45.874138',NULL,NULL,NULL,0,NULL,NULL);
INSERT INTO "hizmet_kaydi" VALUES(16,111,NULL,'2026-01-12',1300,'giden',NULL,NULL,'Nakliye Hizmeti: 34ERJ782 | Çakıcı Trios Yer Değ',123,1,'2026-04-02 12:07:14.139773',NULL,NULL,NULL,0,NULL,NULL);
INSERT INTO "hizmet_kaydi" VALUES(16,112,NULL,'2026-01-29',1300,'giden',NULL,NULL,'Nakliye Hizmeti: 34ERJ782 | Trios Çakıcı Yer Değ',124,1,'2026-04-02 12:07:53.049356',NULL,NULL,NULL,0,NULL,NULL);
INSERT INTO "hizmet_kaydi" VALUES(16,NULL,30,'2026-04-03',50800,'giden','PF-2025/0222',NULL,'Kiralama Bekleyen Bakiye - PF-2025/0222',125,1,'2026-04-02 12:11:56.388790','2026-04-03 04:31:11.528250',NULL,NULL,0,NULL,NULL);
INSERT INTO "hizmet_kaydi" VALUES(22,NULL,31,'2026-04-03',105332.7,'giden','PF-2025/0158',NULL,'Kiralama Bekleyen Bakiye - PF-2025/0158',126,1,'2026-04-02 12:20:33.510985','2026-04-03 04:31:11.526139',NULL,NULL,0,NULL,NULL);
INSERT INTO "hizmet_kaydi" VALUES(23,NULL,32,'2026-04-03',11000,'giden','PF-2026/0003',NULL,'Kiralama Bekleyen Bakiye - PF-2026/0003',127,1,'2026-04-02 12:39:12.025637','2026-04-03 04:31:11.523903',NULL,NULL,0,NULL,NULL);
INSERT INTO "hizmet_kaydi" VALUES(17,NULL,34,'2026-04-03',16600,'giden','PF-2026/0035',NULL,'Kiralama Bekleyen Bakiye - PF-2026/0035',128,1,'2026-04-02 16:17:36.141628','2026-04-03 04:31:11.520442',NULL,NULL,0,NULL,NULL);
INSERT INTO "hizmet_kaydi" VALUES(4,NULL,NULL,'2026-04-02',3199.98,'gelen','PF-2026/0006-4',NULL,'Dış Kiralama (Güncelleme): HAULOTTE',129,1,'2026-04-02 16:25:52.360478',NULL,NULL,NULL,0,NULL,NULL);
INSERT INTO "hizmet_kaydi" VALUES(23,NULL,35,'2026-04-03',19000,'giden','PF-2026/0006-4',NULL,'Kiralama Bekleyen Bakiye - PF-2026/0006-4',130,1,'2026-04-02 16:25:52.367564','2026-04-03 04:31:11.519094',NULL,NULL,0,NULL,NULL);
INSERT INTO "hizmet_kaydi" VALUES(8,NULL,NULL,'2026-04-02',383,'gelen','PF-2026/0018',NULL,'Dış Kiralama: Dış Ekipman',132,1,'2026-04-02 19:26:16.763948',NULL,NULL,NULL,0,NULL,NULL);
INSERT INTO "hizmet_kaydi" VALUES(23,NULL,36,'2026-04-03',25081,'giden','PF-2026/0018',NULL,'Kiralama Bekleyen Bakiye - PF-2026/0018',133,1,'2026-04-02 19:26:16.770376','2026-04-03 04:31:11.517956',NULL,NULL,0,NULL,NULL);
INSERT INTO "hizmet_kaydi" VALUES(19,NULL,37,'2026-04-03',15500,'giden','PF-2026/0046',NULL,'Kiralama Bekleyen Bakiye - PF-2026/0046',134,1,'2026-04-02 20:23:25.328521','2026-04-03 04:31:11.515944',NULL,NULL,0,NULL,NULL);
INSERT INTO "hizmet_kaydi" VALUES(8,NULL,38,'2026-04-03',3466.68,'giden','PF-2026/0064',NULL,'Kiralama Bekleyen Bakiye - PF-2026/0064',135,1,'2026-04-02 20:26:14.781212','2026-04-03 04:31:11.513228',NULL,NULL,0,NULL,NULL);
INSERT INTO "hizmet_kaydi" VALUES(25,NULL,39,'2026-04-03',12000,'giden','PF-2026/0045-1',NULL,'Kiralama Bekleyen Bakiye - PF-2026/0045-1',136,1,'2026-04-02 20:31:26.973877','2026-04-03 04:30:04.348303',NULL,NULL,0,NULL,NULL);
INSERT INTO "hizmet_kaydi" VALUES(8,NULL,NULL,'2026-04-02',5745,'gelen','PF-2026/0062',NULL,'Dış Kiralama (Güncelleme): SINOBOOM',137,1,'2026-04-02 20:32:55.103651',NULL,NULL,NULL,0,NULL,NULL);
INSERT INTO "hizmet_kaydi" VALUES(19,NULL,27,'2026-04-03',9200,'giden','PF-2026/0062',NULL,'Kiralama Bekleyen Bakiye - PF-2026/0062',138,1,'2026-04-02 20:32:55.105514','2026-04-03 05:30:21.939551',NULL,NULL,0,NULL,NULL);
INSERT INTO "hizmet_kaydi" VALUES(26,NULL,40,'2026-04-03',165000,'giden','PF-2025/0041',NULL,'Kiralama Bekleyen Bakiye - PF-2025/0041',139,1,'2026-04-02 20:38:45.125878','2026-04-03 04:30:04.347612',NULL,NULL,0,NULL,NULL);
INSERT INTO "hizmet_kaydi" VALUES(26,NULL,41,'2026-04-03',110600,'giden','PF-2025/0118',NULL,'Kiralama Bekleyen Bakiye - PF-2025/0118',140,1,'2026-04-02 20:42:38.583431','2026-04-03 04:30:04.346716',NULL,NULL,0,NULL,NULL);
INSERT INTO "hizmet_kaydi" VALUES(7,NULL,6,'2026-04-02',8899.97,'giden','PF-2026/0053',NULL,'Kiralama Bekleyen Bakiye - PF-2026/0053',141,1,'2026-04-02 20:43:34.039776',NULL,NULL,NULL,0,NULL,NULL);
INSERT INTO "hizmet_kaydi" VALUES(28,NULL,44,'2026-04-03',17400,'giden','PF-2026/0034',NULL,'Kiralama Bekleyen Bakiye - PF-2026/0034',144,1,'2026-04-02 21:23:15.782751','2026-04-03 04:30:04.344895',NULL,NULL,0,NULL,NULL);
INSERT INTO "hizmet_kaydi" VALUES(5,NULL,45,'2026-04-03',10000,'giden','PF-2026/0044',NULL,'Kiralama Bekleyen Bakiye - PF-2026/0044',145,1,'2026-04-02 21:32:42.786945','2026-04-03 04:30:04.343974',NULL,NULL,0,NULL,NULL);
INSERT INTO "hizmet_kaydi" VALUES(15,NULL,23,'2026-04-03',6167,'giden','PF-2026/0059',NULL,'Kiralama Bekleyen Bakiye - PF-2026/0059',146,1,'2026-04-02 21:33:49.131691','2026-04-03 05:30:21.944599',NULL,NULL,0,NULL,NULL);
INSERT INTO "hizmet_kaydi" VALUES(29,NULL,46,'2026-04-03',16200.08,'giden','PF-2026/0043',NULL,'Kiralama Bekleyen Bakiye - PF-2026/0043',147,1,'2026-04-02 21:39:25.357468','2026-04-03 04:30:04.343045',NULL,NULL,0,NULL,NULL);
INSERT INTO "hizmet_kaydi" VALUES(26,NULL,47,'2026-04-03',124600,'giden','PF-2025/0074',NULL,'Kiralama Bekleyen Bakiye - PF-2025/0074',148,1,'2026-04-02 21:46:38.558120','2026-04-03 04:30:04.342040',NULL,NULL,0,NULL,NULL);
INSERT INTO "hizmet_kaydi" VALUES(27,NULL,43,'2026-04-03',41000,'giden','PF-2026/0033',NULL,'Kiralama Bekleyen Bakiye - PF-2026/0033',149,1,'2026-04-02 21:48:45.481186','2026-04-03 04:30:04.345824',NULL,NULL,0,NULL,NULL);
INSERT INTO "hizmet_kaydi" VALUES(8,NULL,NULL,'2026-04-02',1532,'gelen','PF-2026/0042',NULL,'Dış Kiralama: Dış Ekipman',150,1,'2026-04-02 21:50:42.134298',NULL,NULL,NULL,0,NULL,NULL);
INSERT INTO "hizmet_kaydi" VALUES(30,NULL,48,'2026-04-03',11700,'giden','PF-2026/0042',NULL,'Kiralama Bekleyen Bakiye - PF-2026/0042',151,1,'2026-04-02 21:50:42.136185','2026-04-03 04:30:04.341017',NULL,NULL,0,NULL,NULL);
INSERT INTO "hizmet_kaydi" VALUES(31,NULL,49,'2026-04-03',31700.14,'giden','PF-2026/0041',NULL,'Kiralama Bekleyen Bakiye - PF-2026/0041',152,1,'2026-04-02 21:58:14.217262','2026-04-03 04:30:04.339802',NULL,NULL,0,NULL,NULL);
INSERT INTO "hizmet_kaydi" VALUES(24,NULL,50,'2026-04-03',8550,'giden','PF-2026/0063',NULL,'Kiralama Bekleyen Bakiye - PF-2026/0063',153,1,'2026-04-03 04:34:12.111673',NULL,NULL,NULL,0,NULL,NULL);
INSERT INTO "hizmet_kaydi" VALUES(18,NULL,26,'2026-04-03',3000,'giden','PF-2026/0061',NULL,'Kiralama Bekleyen Bakiye - PF-2026/0061',154,1,'2026-04-03 05:30:52.173642',NULL,NULL,NULL,0,NULL,NULL);
INSERT INTO "hizmet_kaydi" VALUES(20,153,NULL,'2026-04-01',4250,'giden',NULL,NULL,'Nakliye Hizmeti: 34ERJ782 | GÜZELCE MARİNA- YAKUPLU MARİNA YER DEĞ.',155,1,'2026-04-03 10:12:27.329405',NULL,NULL,NULL,0,NULL,NULL);
CREATE TABLE "kasa" (
	kasa_adi VARCHAR(100) NOT NULL, 
	tipi VARCHAR(20) NOT NULL, 
	para_birimi VARCHAR(3) NOT NULL, 
	bakiye NUMERIC(15, 2) NOT NULL, 
	id INTEGER NOT NULL, 
	is_active BOOLEAN NOT NULL, 
	created_at DATETIME NOT NULL, 
	updated_at DATETIME, 
	created_by_id INTEGER, 
	updated_by_id INTEGER, 
	is_deleted BOOLEAN NOT NULL, 
	deleted_at DATETIME, 
	deleted_by_id INTEGER, 
	sube_id INTEGER, banka_sube_adi VARCHAR(120), 
	CONSTRAINT pk_kasa PRIMARY KEY (id), 
	CONSTRAINT fk_kasa_sube_id_subeler FOREIGN KEY(sube_id) REFERENCES subeler (id)
);
INSERT INTO "kasa" VALUES('Yapı Kredi Bankası','banka','TRY',79686.07,1,1,'2026-03-22 16:01:02.331489','2026-04-02 11:00:03.840427',2,2,0,NULL,NULL,NULL,'Ataşehir');
INSERT INTO "kasa" VALUES('Kuveyt Türk','banka','TRY',123000,2,1,'2026-03-22 16:05:00.260445','2026-04-02 11:00:55.200729',2,2,0,NULL,NULL,NULL,'İkitelli');
INSERT INTO "kasa" VALUES('Cenk Yücel','nakit','TRY',16000,3,1,'2026-03-23 15:56:29.671008','2026-03-23 15:57:57.903412',2,NULL,0,NULL,NULL,NULL,'İkitelli');
INSERT INTO "kasa" VALUES('Cüneyt Demir','nakit','TRY',65000,4,1,'2026-03-23 15:57:00.294366','2026-04-02 12:21:24.457205',2,2,0,NULL,NULL,NULL,'İkitelli');
INSERT INTO "kasa" VALUES('ZİRAAT KATILIM BANKASI','banka','TRY',0,5,1,'2026-03-26 09:39:17.678549','2026-03-26 11:10:17.611584',3,NULL,0,NULL,NULL,NULL,'DUDULLU');
CREATE TABLE "kiralama" (
	kiralama_form_no VARCHAR(100) NOT NULL, 
	kdv_orani INTEGER NOT NULL, 
	doviz_kuru_usd NUMERIC(10, 4), 
	doviz_kuru_eur NUMERIC(10, 4), 
	firma_musteri_id INTEGER NOT NULL, 
	id INTEGER NOT NULL, 
	is_active BOOLEAN NOT NULL, 
	created_at DATETIME NOT NULL, 
	updated_at DATETIME, 
	created_by_id INTEGER, 
	updated_by_id INTEGER, 
	is_deleted BOOLEAN NOT NULL, 
	deleted_at DATETIME, 
	deleted_by_id INTEGER, 
	makine_calisma_adresi TEXT, 
	kiralama_olusturma_tarihi DATE, 
	CONSTRAINT pk_kiralama PRIMARY KEY (id), 
	CONSTRAINT fk_kiralama_firma_musteri_id_firma FOREIGN KEY(firma_musteri_id) REFERENCES firma (id), 
	CONSTRAINT uq_kiralama_kiralama_form_no UNIQUE (kiralama_form_no)
);
INSERT INTO "kiralama" VALUES('PF-2026/0045',20,44.21,51.01,1,1,1,'2026-03-23 07:08:53.462139','2026-03-24 16:08:04.443677',2,2,0,NULL,NULL,'yakuplu west marina','2026-03-23');
INSERT INTO "kiralama" VALUES('PF-2026/0049',20,44.21,51.01,2,2,1,'2026-03-23 09:09:54.579514','2026-03-24 16:10:05.136686',2,2,0,NULL,NULL,'kuru gıda hali igtod şahintepe başakşehir istanbul','2026-03-23');
INSERT INTO "kiralama" VALUES('PF-2026/0050',20,44.21,51.01,3,3,1,'2026-03-23 10:55:29.903476','2026-03-26 09:29:13.447919',2,3,0,NULL,NULL,'İstoç','2026-03-23');
INSERT INTO "kiralama" VALUES('PF-2026/0051',20,44.34,51.41,5,4,1,'2026-03-24 16:06:33.053215','2026-03-24 20:27:11.112579',2,2,0,NULL,NULL,'mega center','2026-03-24');
INSERT INTO "kiralama" VALUES('PF-2026/0052',20,44.34,51.41,6,5,1,'2026-03-25 05:08:08.581483','2026-03-25 07:17:44.960233',3,3,0,NULL,NULL,'Nar Baskı Merkezi Sürat Kargo Deposu Gebze, Kocaeli','2026-03-25');
INSERT INTO "kiralama" VALUES('PF-2026/0053',20,44.34,51.41,7,6,1,'2026-03-25 08:13:56.268449','2026-04-02 20:43:34.033441',3,3,0,NULL,NULL,'DAVUTPAŞA DİA CENTRO, ZEYTİNBURNU İSTANBUL','2026-03-25');
INSERT INTO "kiralama" VALUES('PF-2026/0054',20,44.35,51.45,8,7,1,'2026-03-25 14:51:06.225842',NULL,2,NULL,0,NULL,NULL,'',NULL);
INSERT INTO "kiralama" VALUES('PF-2025/0221',20,44.35,51.45,9,8,1,'2026-03-26 08:05:14.235079','2026-03-26 08:05:27.608658',3,NULL,0,NULL,NULL,'YEŞİL KUNDURA ŞANTİYESİ TOPKAPI - İSTANBUL','2026-03-26');
INSERT INTO "kiralama" VALUES('PF-2026/0029-1',20,44.35,51.45,9,9,1,'2026-03-26 08:17:13.978394',NULL,3,NULL,0,NULL,NULL,'TEKSTİLKENT SHELL ŞANTİYESİ',NULL);
INSERT INTO "kiralama" VALUES('PF-2025/0233',20,44.35,51.45,9,10,1,'2026-03-26 08:26:18.167024',NULL,3,NULL,0,NULL,NULL,'HALKALI',NULL);
INSERT INTO "kiralama" VALUES('PF-2025/0241',20,44.35,51.45,9,11,1,'2026-03-26 08:32:03.617538',NULL,3,NULL,0,NULL,NULL,'TEKSTİLKENT SHELL ŞANTİYESİ',NULL);
INSERT INTO "kiralama" VALUES('PF-2026/0007-1',20,44.35,51.45,9,12,1,'2026-03-26 08:57:12.515569',NULL,3,NULL,0,NULL,NULL,'TEKSTİLKENT SHELL ŞANTİYESİ',NULL);
INSERT INTO "kiralama" VALUES('PF-2026/0023',20,44.35,51.45,9,13,1,'2026-03-26 09:00:00.829300',NULL,3,NULL,0,NULL,NULL,'',NULL);
INSERT INTO "kiralama" VALUES('PF-2026/0027-1',20,44.35,51.45,9,14,1,'2026-03-26 09:01:36.014600',NULL,3,NULL,0,NULL,NULL,'',NULL);
INSERT INTO "kiralama" VALUES('PF-2026/0029',20,44.35,51.45,9,15,1,'2026-03-26 09:03:16.228657',NULL,3,NULL,0,NULL,NULL,'',NULL);
INSERT INTO "kiralama" VALUES('PF-2026/0020',20,44.35,51.45,9,16,1,'2026-03-26 09:05:28.398138',NULL,3,NULL,0,NULL,NULL,'YEŞİL KUNDURA ŞANTİYESİ TOPKAPI',NULL);
INSERT INTO "kiralama" VALUES('PF-2026/0026',20,44.35,51.45,9,17,1,'2026-03-26 09:14:30.864745','2026-03-26 09:48:21.702628',3,3,0,NULL,NULL,'',NULL);
INSERT INTO "kiralama" VALUES('PF-2026/0048',20,44.35,51.45,9,18,1,'2026-03-26 09:26:14.700019',NULL,3,NULL,0,NULL,NULL,'',NULL);
INSERT INTO "kiralama" VALUES('PF-2026/0055',20,44.36,51.25,10,19,1,'2026-03-26 14:28:53.122491','2026-04-02 08:12:09.325658',3,3,0,NULL,NULL,'KAYRAM GIDA BEYLİKDÜZÜ - İSTANBUL','2026-03-26');
INSERT INTO "kiralama" VALUES('PF-2026/0056',20,44.37,51.11,11,20,1,'2026-03-28 06:03:24.262064','2026-03-28 06:03:53.586354',2,NULL,0,NULL,NULL,'ARTAŞ TİC. VE SAN MERK NO 132 AVCILAR İSTANBUL','2026-03-28');
INSERT INTO "kiralama" VALUES('PF-2026/0057',20,44.37,51.11,12,21,1,'2026-03-29 08:37:31.045552','2026-03-29 08:37:44.542984',2,NULL,0,NULL,NULL,'kadosan oto sanayi','2026-03-29');
INSERT INTO "kiralama" VALUES('PF-2026/0058',20,44.37,51.11,14,22,1,'2026-03-30 05:11:56.888058','2026-03-30 05:12:03.981676',3,NULL,0,NULL,NULL,'AKTİF BESİN İKİTELLİ','2026-03-30');
INSERT INTO "kiralama" VALUES('PF-2026/0059',20,44.37,51.11,15,23,1,'2026-03-30 05:40:58.614804','2026-04-02 21:33:49.126567',3,3,0,NULL,NULL,'İKİTELLİ BAŞAKŞEHİR','2026-03-30');
INSERT INTO "kiralama" VALUES('PF-2026/0060',20,44.46,51.12,5,24,1,'2026-03-31 05:10:51.865393','2026-03-31 05:10:57.480441',3,NULL,0,NULL,NULL,'SELF PLASTİK ESENYURT','2026-03-31');
INSERT INTO "kiralama" VALUES('PF-2026/0032',20,44.48,51.02,17,25,1,'2026-03-31 14:55:39.753111',NULL,3,NULL,0,NULL,NULL,'KORU FLORYA',NULL);
INSERT INTO "kiralama" VALUES('PF-2026/0061',20,44.48,51.02,18,26,1,'2026-04-01 08:19:56.640168','2026-04-03 05:30:52.162103',3,3,0,NULL,NULL,'ATAKÖY - İSTANBUL','2026-04-01');
INSERT INTO "kiralama" VALUES('PF-2026/0062',20,44.48,51.02,19,27,1,'2026-04-01 09:17:28.039788','2026-04-02 20:32:55.098113',3,3,0,NULL,NULL,'KORU FLORYA - İSTANBUL','2026-04-01');
INSERT INTO "kiralama" VALUES('PF-2025/0057',20,44.48,51.02,20,28,1,'2026-04-01 09:47:20.710596',NULL,3,NULL,0,NULL,NULL,'YAKUPLU MARİNA',NULL);
INSERT INTO "kiralama" VALUES('PF-2025/0248',20,44.47,51.57,21,29,1,'2026-04-02 10:57:29.244941',NULL,3,NULL,0,NULL,NULL,'',NULL);
INSERT INTO "kiralama" VALUES('PF-2025/0222',20,44.47,51.57,16,30,1,'2026-04-02 12:11:56.383364',NULL,3,NULL,0,NULL,NULL,'Yenel Etiket Başakşehir',NULL);
INSERT INTO "kiralama" VALUES('PF-2025/0158',0,44.47,51.57,22,31,1,'2026-04-02 12:20:33.503259',NULL,3,NULL,0,NULL,NULL,'tt motor şişli',NULL);
INSERT INTO "kiralama" VALUES('PF-2026/0003',0,44.47,51.57,23,32,1,'2026-04-02 12:39:12.019424',NULL,3,NULL,0,NULL,NULL,'',NULL);
INSERT INTO "kiralama" VALUES('PF-2026/0035',20,44.5,51.28,17,34,1,'2026-04-02 16:17:36.135764',NULL,3,NULL,0,NULL,NULL,'',NULL);
INSERT INTO "kiralama" VALUES('PF-2026/0006-4',0,44.5,51.28,23,35,1,'2026-04-02 16:23:58.360860','2026-04-02 16:25:52.358484',3,3,0,NULL,NULL,'FİLM STÜDYOSU',NULL);
INSERT INTO "kiralama" VALUES('PF-2026/0018',0,44.5,51.28,23,36,1,'2026-04-02 19:26:16.762547',NULL,3,NULL,0,NULL,NULL,'ATLASPARK',NULL);
INSERT INTO "kiralama" VALUES('PF-2026/0046',20,44.5,51.28,19,37,1,'2026-04-02 20:23:25.322663',NULL,3,NULL,0,NULL,NULL,'koru florya',NULL);
INSERT INTO "kiralama" VALUES('PF-2026/0064',20,44.5,51.28,8,38,1,'2026-04-02 20:26:14.773968',NULL,3,NULL,0,NULL,NULL,'',NULL);
INSERT INTO "kiralama" VALUES('PF-2026/0045-1',20,44.5,51.28,25,39,1,'2026-04-02 20:31:26.966728',NULL,3,NULL,0,NULL,NULL,'',NULL);
INSERT INTO "kiralama" VALUES('PF-2025/0041',20,44.5,51.28,26,40,1,'2026-04-02 20:38:45.119958',NULL,3,NULL,0,NULL,NULL,'HADIMKÖY BAYKAR',NULL);
INSERT INTO "kiralama" VALUES('PF-2025/0118',20,44.5,51.28,26,41,1,'2026-04-02 20:42:38.578201',NULL,3,NULL,0,NULL,NULL,'HADIMKÖY BAYKAR',NULL);
INSERT INTO "kiralama" VALUES('PF-2026/0033',20,44.5,51.28,27,43,1,'2026-04-02 20:51:25.318086','2026-04-02 21:48:45.468994',3,3,0,NULL,NULL,'BAHÇELİEVLER',NULL);
INSERT INTO "kiralama" VALUES('PF-2026/0034',20,44.5,51.28,28,44,1,'2026-04-02 21:14:51.602649','2026-04-02 21:23:15.773989',3,3,0,NULL,NULL,'ATAKENT ÜMRANİYE İSTANBUL',NULL);
INSERT INTO "kiralama" VALUES('PF-2026/0044',0,44.5,51.28,5,45,1,'2026-04-02 21:32:42.780539',NULL,3,NULL,0,NULL,NULL,'MEGA CENTER BAYRAMPAŞA',NULL);
INSERT INTO "kiralama" VALUES('PF-2026/0043',20,44.5,51.28,29,46,1,'2026-04-02 21:39:25.351633',NULL,3,NULL,0,NULL,NULL,'DORUK ECZA YENİBOSNA',NULL);
INSERT INTO "kiralama" VALUES('PF-2025/0074',20,44.5,51.28,26,47,1,'2026-04-02 21:46:38.552119',NULL,3,NULL,0,NULL,NULL,'HADIMKÖY BAYKAR',NULL);
INSERT INTO "kiralama" VALUES('PF-2026/0042',20,44.5,51.28,30,48,1,'2026-04-02 21:50:42.129358',NULL,3,NULL,0,NULL,NULL,'SULTANBEYLİ',NULL);
INSERT INTO "kiralama" VALUES('PF-2026/0041',20,44.5,51.28,31,49,1,'2026-04-02 21:57:00.154766','2026-04-02 21:58:14.209732',3,3,0,NULL,NULL,'DOĞUSAN TANKER ÇATALCA  - İSTANBUL    ',NULL);
INSERT INTO "kiralama" VALUES('PF-2026/0063',20,44.5,51.28,24,50,1,'2026-04-03 04:33:37.716563','2026-04-03 04:34:12.105308',3,3,0,NULL,NULL,'RENK MASTER SİLİVRİ İSTANBUL','2026-04-03');
INSERT INTO "kiralama" VALUES('PF-2026/0065',20,44.5,51.28,32,51,1,'2026-04-03 09:58:42.593146','2026-04-03 09:58:47.709512',3,NULL,0,NULL,NULL,'İSTON HADIMKÖY FABRİKASI','2026-04-03');
CREATE TABLE "kiralama_kalemi" (
	kiralama_id INTEGER NOT NULL, 
	ekipman_id INTEGER, 
	is_dis_tedarik_ekipman BOOLEAN, 
	harici_ekipman_tipi VARCHAR(100), 
	harici_ekipman_marka VARCHAR(100), 
	harici_ekipman_model VARCHAR(100), 
	harici_ekipman_seri_no VARCHAR(100), 
	harici_ekipman_kapasite INTEGER, 
	harici_ekipman_yukseklik INTEGER, 
	harici_ekipman_uretim_yili INTEGER, 
	harici_ekipman_tedarikci_id INTEGER, 
	kiralama_baslangici DATE NOT NULL, 
	kiralama_bitis DATE NOT NULL, 
	kiralama_brm_fiyat NUMERIC(15, 2) NOT NULL, 
	kiralama_alis_fiyat NUMERIC(15, 2), 
	is_oz_mal_nakliye BOOLEAN, 
	is_harici_nakliye BOOLEAN, 
	nakliye_satis_fiyat NUMERIC(15, 2), 
	nakliye_alis_fiyat NUMERIC(15, 2), 
	nakliye_tedarikci_id INTEGER, 
	nakliye_araci_id INTEGER, 
	sonlandirildi BOOLEAN NOT NULL, 
	is_active BOOLEAN NOT NULL, 
	parent_id INTEGER, 
	versiyon_no INTEGER NOT NULL, 
	degisim_nedeni VARCHAR(50), 
	degisim_tarihi DATETIME, 
	cikis_saati INTEGER, 
	donus_saati INTEGER, 
	degisim_aciklama TEXT, 
	chain_id INTEGER, 
	id INTEGER NOT NULL, 
	created_at DATETIME NOT NULL, 
	updated_at DATETIME, 
	created_by_id INTEGER, 
	updated_by_id INTEGER, 
	is_deleted BOOLEAN NOT NULL, 
	deleted_at DATETIME, 
	deleted_by_id INTEGER, 
	donus_nakliye_satis_fiyat NUMERIC(15, 2), 
	donus_nakliye_fatura_et BOOLEAN DEFAULT 0 NOT NULL, 
	CONSTRAINT pk_kiralama_kalemi PRIMARY KEY (id), 
	CONSTRAINT fk_kiralama_kalemi_ekipman_id_ekipman FOREIGN KEY(ekipman_id) REFERENCES ekipman (id), 
	CONSTRAINT fk_kiralama_kalemi_parent_id_kiralama_kalemi FOREIGN KEY(parent_id) REFERENCES kiralama_kalemi (id), 
	CONSTRAINT fk_kiralama_kalemi_nakliye_tedarikci_id_firma FOREIGN KEY(nakliye_tedarikci_id) REFERENCES firma (id), 
	CONSTRAINT fk_kiralama_kalemi_nakliye_araci_id_ekipman FOREIGN KEY(nakliye_araci_id) REFERENCES ekipman (id), 
	CONSTRAINT fk_kiralama_kalemi_kiralama_id_kiralama FOREIGN KEY(kiralama_id) REFERENCES kiralama (id), 
	CONSTRAINT fk_kiralama_kalemi_harici_ekipman_tedarikci_id_firma FOREIGN KEY(harici_ekipman_tedarikci_id) REFERENCES firma (id)
);
INSERT INTO "kiralama_kalemi" VALUES(1,5,0,NULL,NULL,NULL,NULL,NULL,NULL,NULL,NULL,'2026-03-23','2026-04-21',1067,0,1,0,3500,0,NULL,1,0,1,NULL,1,NULL,NULL,NULL,NULL,NULL,NULL,1,'2026-03-23 07:08:53.466410','2026-03-24 16:08:04.445389',2,2,0,NULL,NULL,NULL,0);
INSERT INTO "kiralama_kalemi" VALUES(2,2,0,NULL,NULL,NULL,NULL,NULL,NULL,NULL,NULL,'2026-03-23','2026-04-06',500,0,1,0,5000,0,NULL,1,0,1,NULL,1,NULL,NULL,NULL,NULL,NULL,NULL,2,'2026-03-23 09:09:54.584424','2026-03-24 16:10:05.138329',2,2,0,NULL,NULL,NULL,1);
INSERT INTO "kiralama_kalemi" VALUES(3,12,0,NULL,NULL,NULL,NULL,NULL,NULL,NULL,NULL,'2026-03-24','2026-04-22',400,0,1,0,4000,0,NULL,NULL,0,1,NULL,1,NULL,NULL,NULL,NULL,NULL,NULL,3,'2026-03-23 10:55:29.912465','2026-03-26 09:29:13.450531',2,3,0,NULL,NULL,NULL,1);
INSERT INTO "kiralama_kalemi" VALUES(4,24,0,NULL,NULL,NULL,NULL,NULL,NULL,NULL,NULL,'2026-03-24','2026-03-24',1500,0,1,0,5000,0,NULL,1,1,1,NULL,1,NULL,NULL,NULL,NULL,NULL,NULL,4,'2026-03-24 16:06:33.057983','2026-03-24 16:07:27.531686',2,2,0,NULL,NULL,2500,1);
INSERT INTO "kiralama_kalemi" VALUES(5,9,0,NULL,NULL,NULL,NULL,NULL,NULL,NULL,NULL,'2026-03-25','2026-03-25',1500,0,1,0,5000,0,NULL,2,1,1,NULL,1,NULL,NULL,NULL,NULL,NULL,NULL,5,'2026-03-25 05:08:08.586132','2026-03-25 17:56:42.396669',3,3,0,NULL,NULL,2500,1);
INSERT INTO "kiralama_kalemi" VALUES(6,25,0,NULL,NULL,NULL,NULL,NULL,NULL,NULL,NULL,'2026-03-25','2026-04-23',433.33,0,1,0,5000,0,NULL,NULL,0,1,NULL,1,NULL,NULL,NULL,NULL,NULL,NULL,6,'2026-03-25 08:13:56.274214','2026-04-02 20:43:34.035908',3,3,0,NULL,NULL,NULL,1);
INSERT INTO "kiralama_kalemi" VALUES(7,35,0,NULL,NULL,NULL,NULL,NULL,NULL,NULL,NULL,'2026-03-25','2026-04-23',834,0,1,0,0,0,NULL,NULL,0,1,NULL,1,NULL,NULL,NULL,NULL,NULL,NULL,7,'2026-03-25 14:51:06.232351',NULL,2,NULL,0,NULL,NULL,NULL,1);
INSERT INTO "kiralama_kalemi" VALUES(8,18,0,NULL,NULL,NULL,NULL,NULL,NULL,NULL,NULL,'2025-11-28','2026-05-26',400,0,1,0,4000,0,NULL,NULL,0,1,NULL,1,NULL,NULL,NULL,NULL,NULL,NULL,8,'2026-03-26 08:05:14.239101',NULL,3,NULL,0,NULL,NULL,NULL,1);
INSERT INTO "kiralama_kalemi" VALUES(8,20,0,NULL,NULL,NULL,NULL,NULL,NULL,NULL,NULL,'2025-11-28','2026-05-26',400,0,1,0,0,0,NULL,NULL,0,1,NULL,1,NULL,NULL,NULL,NULL,NULL,NULL,9,'2026-03-26 08:05:14.246891',NULL,3,NULL,0,NULL,NULL,NULL,0);
INSERT INTO "kiralama_kalemi" VALUES(9,16,0,NULL,NULL,NULL,NULL,NULL,NULL,NULL,NULL,'2026-03-04','2026-03-05',1200,0,1,0,0,0,NULL,1,1,1,NULL,1,NULL,NULL,NULL,NULL,NULL,NULL,10,'2026-03-26 08:17:13.982010','2026-03-26 08:20:24.191515',3,3,0,NULL,NULL,2000,0);
INSERT INTO "kiralama_kalemi" VALUES(10,24,0,NULL,NULL,NULL,NULL,NULL,NULL,NULL,NULL,'2025-12-16','2026-02-28',400,0,1,0,0,0,NULL,NULL,1,1,NULL,1,NULL,NULL,NULL,NULL,NULL,NULL,11,'2026-03-26 08:26:18.170233','2026-03-26 08:26:41.835135',3,3,0,NULL,NULL,0,0);
INSERT INTO "kiralama_kalemi" VALUES(11,29,0,NULL,NULL,NULL,NULL,NULL,NULL,NULL,NULL,'2025-12-23','2026-01-10',631.579,0,1,0,0,0,NULL,NULL,1,1,NULL,1,NULL,NULL,NULL,NULL,NULL,NULL,12,'2026-03-26 08:32:03.618803','2026-03-26 08:32:43.785949',3,3,0,NULL,NULL,0,0);
INSERT INTO "kiralama_kalemi" VALUES(11,31,0,NULL,NULL,NULL,NULL,NULL,NULL,NULL,NULL,'2025-12-23','2026-03-08',400,0,1,0,0,0,NULL,NULL,1,1,NULL,1,NULL,NULL,NULL,NULL,NULL,NULL,13,'2026-03-26 08:32:03.620770','2026-03-26 08:33:05.101977',3,3,0,NULL,NULL,0,0);
INSERT INTO "kiralama_kalemi" VALUES(12,11,0,NULL,NULL,NULL,NULL,NULL,NULL,NULL,NULL,'2026-01-21','2026-01-22',1200,0,1,0,2000,0,NULL,NULL,1,1,NULL,1,NULL,NULL,NULL,NULL,NULL,NULL,14,'2026-03-26 08:57:12.516874','2026-03-26 08:57:27.013263',3,3,0,NULL,NULL,0,0);
INSERT INTO "kiralama_kalemi" VALUES(12,21,0,NULL,NULL,NULL,NULL,NULL,NULL,NULL,NULL,'2026-01-21','2026-01-22',1200,0,1,0,2000,0,NULL,NULL,1,1,NULL,1,NULL,NULL,NULL,NULL,NULL,NULL,15,'2026-03-26 08:57:12.521774','2026-03-26 08:57:42.282489',3,3,0,NULL,NULL,0,0);
INSERT INTO "kiralama_kalemi" VALUES(13,33,0,NULL,NULL,NULL,NULL,NULL,NULL,NULL,NULL,'2026-02-09','2026-02-09',1200,0,1,0,0,0,NULL,NULL,1,1,NULL,1,NULL,NULL,NULL,NULL,NULL,NULL,16,'2026-03-26 09:00:00.830903','2026-03-26 09:00:50.642243',3,3,0,NULL,NULL,0,0);
INSERT INTO "kiralama_kalemi" VALUES(14,33,0,NULL,NULL,NULL,NULL,NULL,NULL,NULL,NULL,'2026-02-13','2026-02-13',1200,0,1,0,0,0,NULL,NULL,1,1,NULL,1,NULL,NULL,NULL,NULL,NULL,NULL,17,'2026-03-26 09:01:36.016006','2026-03-26 09:01:51.759669',3,3,0,NULL,NULL,0,0);
INSERT INTO "kiralama_kalemi" VALUES(15,28,0,NULL,NULL,NULL,NULL,NULL,NULL,NULL,NULL,'2026-02-17','2026-02-24',1200,0,1,0,0,0,NULL,NULL,1,1,NULL,1,NULL,NULL,NULL,NULL,NULL,NULL,18,'2026-03-26 09:03:16.230043','2026-03-26 09:03:46.646456',3,3,0,NULL,NULL,0,0);
INSERT INTO "kiralama_kalemi" VALUES(16,21,0,NULL,NULL,NULL,NULL,NULL,NULL,NULL,NULL,'2026-02-05','2026-05-05',400,0,1,0,0,0,NULL,NULL,0,1,NULL,1,NULL,NULL,NULL,NULL,NULL,NULL,19,'2026-03-26 09:05:28.399406',NULL,3,NULL,0,NULL,NULL,NULL,0);
INSERT INTO "kiralama_kalemi" VALUES(17,NULL,1,'MAKAS','HAULOTTE','COMPACT10N','CE150397',NULL,10,NULL,4,'2026-02-12','2026-02-24',400,500,1,0,0,0,NULL,NULL,1,1,NULL,1,'serviste','2026-02-25 00:00:00.000000',NULL,NULL,NULL,NULL,20,'2026-03-26 09:14:30.865656','2026-03-26 09:48:37.649618',3,3,0,NULL,NULL,0,0);
INSERT INTO "kiralama_kalemi" VALUES(18,12,0,NULL,NULL,NULL,NULL,NULL,NULL,NULL,NULL,'2026-03-17','2026-03-22',1200,0,1,0,0,0,NULL,NULL,1,1,NULL,1,NULL,NULL,NULL,NULL,NULL,NULL,22,'2026-03-26 09:26:14.702195','2026-03-26 09:26:31.819677',3,3,0,NULL,NULL,0,0);
INSERT INTO "kiralama_kalemi" VALUES(17,28,0,NULL,NULL,NULL,NULL,NULL,NULL,NULL,NULL,'2026-02-25','2026-03-19',400,0,1,0,0,0,NULL,NULL,1,1,NULL,1,NULL,NULL,NULL,NULL,NULL,NULL,23,'2026-03-26 09:48:21.707609','2026-03-26 09:48:55.929768',3,3,0,NULL,NULL,0,0);
INSERT INTO "kiralama_kalemi" VALUES(19,28,0,NULL,NULL,NULL,NULL,NULL,NULL,NULL,NULL,'2026-03-27','2026-04-25',466.7,0,1,0,7000,0,NULL,1,0,1,NULL,1,NULL,NULL,NULL,NULL,NULL,NULL,24,'2026-03-26 14:28:53.123758','2026-04-02 08:12:09.327567',3,3,0,NULL,NULL,NULL,1);
INSERT INTO "kiralama_kalemi" VALUES(19,40,0,NULL,NULL,NULL,NULL,NULL,NULL,NULL,NULL,'2026-03-27','2026-04-25',466.7,0,1,0,0,0,NULL,NULL,0,1,NULL,1,NULL,NULL,NULL,NULL,NULL,NULL,25,'2026-03-26 14:28:53.126703','2026-04-02 08:12:09.331361',3,3,0,NULL,NULL,NULL,0);
INSERT INTO "kiralama_kalemi" VALUES(20,24,0,NULL,NULL,NULL,NULL,NULL,NULL,NULL,NULL,'2026-03-29','2026-03-29',2500,0,1,0,5000,0,NULL,1,1,1,NULL,1,NULL,NULL,NULL,NULL,NULL,NULL,26,'2026-03-28 06:03:24.265873','2026-03-31 04:44:23.238951',2,2,0,NULL,NULL,2500,1);
INSERT INTO "kiralama_kalemi" VALUES(21,30,0,NULL,NULL,NULL,NULL,NULL,NULL,NULL,NULL,'2026-03-29','2026-03-29',1500,0,1,0,3500,0,NULL,2,1,1,NULL,1,NULL,NULL,NULL,NULL,NULL,NULL,27,'2026-03-29 08:37:31.046916','2026-03-30 08:53:22.192680',2,3,0,NULL,NULL,1750,1);
INSERT INTO "kiralama_kalemi" VALUES(22,NULL,1,'','HAULOTTE','OPTIMUM8','2110193',NULL,NULL,NULL,8,'2026-03-30','2026-03-30',1500,0,1,0,3000,0,NULL,1,1,1,NULL,1,NULL,NULL,NULL,NULL,NULL,NULL,28,'2026-03-30 05:11:56.890721','2026-03-31 04:44:47.646262',3,2,0,NULL,NULL,0,0);
INSERT INTO "kiralama_kalemi" VALUES(23,1,0,NULL,NULL,NULL,NULL,NULL,NULL,NULL,NULL,'2026-03-30','2026-04-28',433.4,0,1,0,4000,0,NULL,NULL,0,1,NULL,1,NULL,NULL,NULL,NULL,NULL,NULL,29,'2026-03-30 05:40:58.617785','2026-04-02 21:33:49.128657',3,3,0,NULL,NULL,NULL,1);
INSERT INTO "kiralama_kalemi" VALUES(24,24,0,NULL,NULL,NULL,NULL,NULL,NULL,NULL,NULL,'2026-03-31','2026-04-06',1000,0,1,0,6000,0,NULL,1,0,1,NULL,1,NULL,NULL,NULL,NULL,NULL,NULL,30,'2026-03-31 05:10:51.866825',NULL,3,NULL,0,NULL,NULL,NULL,1);
INSERT INTO "kiralama_kalemi" VALUES(25,3,0,NULL,NULL,NULL,NULL,NULL,NULL,NULL,NULL,'2026-02-28','2026-03-30',400,0,1,0,5000,0,NULL,1,1,1,NULL,1,NULL,NULL,NULL,NULL,NULL,NULL,31,'2026-03-31 14:55:39.754630','2026-03-31 14:56:14.640815',3,3,0,NULL,NULL,2500,1);
INSERT INTO "kiralama_kalemi" VALUES(25,7,0,NULL,NULL,NULL,NULL,NULL,NULL,NULL,NULL,'2026-02-28','2026-03-30',400,0,1,0,0,0,NULL,NULL,1,1,NULL,1,NULL,NULL,NULL,NULL,NULL,NULL,32,'2026-03-31 14:55:39.758767','2026-03-31 14:56:32.387274',3,3,0,NULL,NULL,0,0);
INSERT INTO "kiralama_kalemi" VALUES(26,39,0,NULL,NULL,NULL,NULL,NULL,NULL,NULL,NULL,'2026-04-03','2026-04-05',3000,0,1,0,0,0,NULL,NULL,0,1,NULL,1,NULL,NULL,NULL,NULL,NULL,NULL,33,'2026-04-01 08:19:56.641955','2026-04-03 05:30:52.166392',3,3,0,NULL,NULL,NULL,0);
INSERT INTO "kiralama_kalemi" VALUES(27,33,0,NULL,NULL,NULL,NULL,NULL,NULL,NULL,NULL,'2026-04-01','2026-04-15',700,0,1,0,5000,0,NULL,NULL,0,1,NULL,1,NULL,NULL,NULL,NULL,NULL,NULL,34,'2026-04-01 09:17:28.042050','2026-04-02 20:32:55.100209',3,3,0,NULL,NULL,NULL,1);
INSERT INTO "kiralama_kalemi" VALUES(27,NULL,1,'MAKAS','SINOBOOM','GTJZ0608S','0103600130 ',NULL,8,NULL,8,'2026-04-01','2026-04-15',700,383,1,0,0,0,NULL,NULL,0,1,NULL,1,NULL,NULL,NULL,NULL,NULL,NULL,35,'2026-04-01 09:17:28.046266','2026-04-02 20:32:55.102740',3,3,0,NULL,NULL,NULL,0);
INSERT INTO "kiralama_kalemi" VALUES(28,6,0,NULL,NULL,NULL,NULL,NULL,NULL,NULL,NULL,'2025-03-01','2026-12-31',516.66,0,1,0,0,0,NULL,NULL,0,1,NULL,1,NULL,NULL,NULL,NULL,NULL,NULL,36,'2026-04-01 09:47:20.712099',NULL,3,NULL,0,NULL,NULL,NULL,0);
INSERT INTO "kiralama_kalemi" VALUES(29,NULL,1,'MAKAS','HAULOTTE','H18SX','2047784',NULL,18,NULL,4,'2026-01-01','2026-02-09',1925,1515,1,0,0,0,NULL,NULL,1,1,NULL,1,NULL,NULL,NULL,NULL,NULL,NULL,37,'2026-04-02 10:57:29.246791','2026-04-02 10:57:47.795632',3,3,0,NULL,NULL,0,0);
INSERT INTO "kiralama_kalemi" VALUES(30,22,0,NULL,NULL,NULL,NULL,NULL,NULL,NULL,NULL,'2025-12-03','2026-06-03',400,0,1,0,2000,0,NULL,NULL,0,1,NULL,1,NULL,NULL,NULL,NULL,NULL,NULL,38,'2026-04-02 12:11:56.384656',NULL,3,NULL,0,NULL,NULL,NULL,1);
INSERT INTO "kiralama_kalemi" VALUES(31,8,0,NULL,NULL,NULL,NULL,NULL,NULL,NULL,NULL,'2025-08-29','2026-03-06',533.333,0,1,0,4000,0,NULL,NULL,1,1,NULL,1,NULL,NULL,NULL,NULL,NULL,NULL,39,'2026-04-02 12:20:33.505237','2026-04-02 12:20:55.504440',3,3,0,NULL,NULL,2000,1);
INSERT INTO "kiralama_kalemi" VALUES(32,11,0,NULL,NULL,NULL,NULL,NULL,NULL,NULL,NULL,'2026-01-05','2026-01-10',1000,0,1,0,5000,0,NULL,NULL,1,1,NULL,1,NULL,NULL,NULL,NULL,NULL,NULL,40,'2026-04-02 12:39:12.020783','2026-04-02 12:39:25.524313',3,3,0,NULL,NULL,2500,1);
INSERT INTO "kiralama_kalemi" VALUES(34,23,0,NULL,NULL,NULL,NULL,NULL,NULL,NULL,NULL,'2026-03-06','2026-04-04',400,0,1,0,5000,0,NULL,1,0,1,NULL,1,NULL,NULL,NULL,NULL,NULL,NULL,42,'2026-04-02 16:17:36.136892',NULL,3,NULL,0,NULL,NULL,NULL,1);
INSERT INTO "kiralama_kalemi" VALUES(35,NULL,1,'MAKAS','HAULOTTE','COMPACT14','2041166',NULL,NULL,NULL,4,'2026-01-13','2026-01-18',1000,533.33,1,0,5000,0,NULL,NULL,1,1,NULL,1,NULL,NULL,NULL,NULL,NULL,NULL,43,'2026-04-02 16:23:58.361798','2026-04-02 16:26:13.242711',3,3,0,NULL,NULL,2500,1);
INSERT INTO "kiralama_kalemi" VALUES(35,10,0,NULL,NULL,NULL,NULL,NULL,NULL,NULL,NULL,'2026-01-13','2026-01-15',1000,0,1,0,5000,0,NULL,NULL,1,1,NULL,1,NULL,NULL,NULL,NULL,NULL,NULL,44,'2026-04-02 16:25:52.362928','2026-04-02 16:26:27.906515',3,3,0,NULL,NULL,2500,1);
INSERT INTO "kiralama_kalemi" VALUES(36,NULL,1,'','','','OVM33',NULL,NULL,NULL,8,'2026-02-03','2026-02-17',467,383,1,0,5000,0,NULL,NULL,1,1,NULL,1,NULL,NULL,NULL,NULL,NULL,NULL,45,'2026-04-02 19:26:16.763550','2026-04-02 19:26:42.465551',3,3,0,NULL,NULL,2500,1);
INSERT INTO "kiralama_kalemi" VALUES(36,32,0,NULL,NULL,NULL,NULL,NULL,NULL,NULL,NULL,'2026-02-04','2026-02-17',467,0,1,0,0,0,NULL,NULL,1,1,NULL,1,NULL,NULL,NULL,NULL,NULL,NULL,46,'2026-04-02 19:26:16.766055','2026-04-02 19:27:01.056879',3,3,0,NULL,NULL,0,0);
INSERT INTO "kiralama_kalemi" VALUES(36,38,0,NULL,NULL,NULL,NULL,NULL,NULL,NULL,NULL,'2026-02-04','2026-02-17',467,0,1,0,0,0,NULL,NULL,1,1,NULL,1,NULL,NULL,NULL,NULL,NULL,NULL,47,'2026-04-02 19:26:16.767618','2026-04-02 19:28:39.264795',3,3,0,NULL,NULL,0,0);
INSERT INTO "kiralama_kalemi" VALUES(37,17,0,NULL,NULL,NULL,NULL,NULL,NULL,NULL,NULL,'2026-03-17','2026-03-31',700,0,1,0,5000,0,NULL,1,0,1,NULL,1,NULL,NULL,NULL,NULL,NULL,NULL,48,'2026-04-02 20:23:25.323883',NULL,3,NULL,0,NULL,NULL,NULL,1);
INSERT INTO "kiralama_kalemi" VALUES(38,43,0,NULL,NULL,NULL,NULL,NULL,NULL,NULL,NULL,'2026-03-31','2026-04-29',866.67,0,1,0,0,0,NULL,NULL,0,1,NULL,1,NULL,NULL,NULL,NULL,NULL,NULL,49,'2026-04-02 20:26:14.776234',NULL,3,NULL,0,NULL,NULL,NULL,0);
INSERT INTO "kiralama_kalemi" VALUES(39,33,0,NULL,NULL,NULL,NULL,NULL,NULL,NULL,NULL,'2026-03-12','2026-03-18',1000,0,1,0,5000,0,NULL,NULL,1,1,NULL,1,NULL,NULL,NULL,NULL,NULL,NULL,50,'2026-04-02 20:31:26.968216','2026-04-02 20:31:57.564101',3,3,0,NULL,NULL,2500,1);
INSERT INTO "kiralama_kalemi" VALUES(40,36,0,NULL,NULL,NULL,NULL,NULL,NULL,NULL,NULL,'2025-02-28','2026-06-03',400,0,1,0,5000,0,NULL,1,0,1,NULL,1,NULL,NULL,NULL,NULL,NULL,NULL,51,'2026-04-02 20:38:45.121324',NULL,3,NULL,0,NULL,NULL,NULL,1);
INSERT INTO "kiralama_kalemi" VALUES(41,25,0,NULL,NULL,NULL,NULL,NULL,NULL,NULL,NULL,'2025-06-28','2026-03-18',400,0,1,0,5000,0,NULL,NULL,1,1,NULL,1,NULL,NULL,NULL,NULL,NULL,NULL,52,'2026-04-02 20:42:38.579456','2026-04-02 20:42:53.662121',3,3,0,NULL,NULL,2500,1);
INSERT INTO "kiralama_kalemi" VALUES(43,14,0,NULL,NULL,NULL,NULL,NULL,NULL,NULL,NULL,'2026-03-03','2026-04-01',400,0,1,0,5000,0,NULL,1,0,1,NULL,1,NULL,NULL,NULL,NULL,NULL,NULL,54,'2026-04-02 20:51:25.319320','2026-04-02 21:48:45.471040',3,3,0,NULL,NULL,NULL,1);
INSERT INTO "kiralama_kalemi" VALUES(43,26,0,NULL,NULL,NULL,NULL,NULL,NULL,NULL,NULL,'2026-03-03','2026-04-01',400,0,1,0,0,0,NULL,NULL,0,1,NULL,1,NULL,NULL,NULL,NULL,NULL,NULL,55,'2026-04-02 20:51:25.322629','2026-04-02 21:48:45.475298',3,3,0,NULL,NULL,NULL,0);
INSERT INTO "kiralama_kalemi" VALUES(43,34,0,NULL,NULL,NULL,NULL,NULL,NULL,NULL,NULL,'2026-03-03','2026-04-01',400,0,1,0,0,0,NULL,NULL,0,1,NULL,1,NULL,NULL,NULL,NULL,NULL,NULL,56,'2026-04-02 20:52:28.381385','2026-04-02 21:48:45.478283',3,3,0,NULL,NULL,NULL,0);
INSERT INTO "kiralama_kalemi" VALUES(44,9,0,NULL,NULL,NULL,NULL,NULL,NULL,NULL,NULL,'2026-03-04','2026-03-06',400,0,1,0,5000,0,NULL,2,1,1,NULL,1,'serviste','2026-03-07 00:00:00.000000',NULL,NULL,NULL,NULL,57,'2026-04-02 21:14:51.603922','2026-04-02 21:23:48.831660',3,3,0,NULL,NULL,2500,1);
INSERT INTO "kiralama_kalemi" VALUES(44,32,0,NULL,NULL,NULL,NULL,NULL,NULL,NULL,NULL,'2026-03-07','2026-05-02',400,0,1,0,0,0,NULL,NULL,0,1,NULL,1,NULL,NULL,NULL,NULL,NULL,NULL,58,'2026-04-02 21:23:15.778765',NULL,3,NULL,0,NULL,NULL,NULL,0);
INSERT INTO "kiralama_kalemi" VALUES(45,1,0,NULL,NULL,NULL,NULL,NULL,NULL,NULL,NULL,'2026-03-11','2026-03-16',1000,0,1,0,4000,0,NULL,1,1,1,NULL,1,NULL,NULL,NULL,NULL,NULL,NULL,59,'2026-04-02 21:32:42.781961','2026-04-02 21:32:59.079774',3,3,0,NULL,NULL,2000,1);
INSERT INTO "kiralama_kalemi" VALUES(46,31,0,NULL,NULL,NULL,NULL,NULL,NULL,NULL,NULL,'2026-03-11','2026-04-09',466.667,0,1,0,5000,0,NULL,1,0,1,NULL,1,NULL,NULL,NULL,NULL,NULL,NULL,60,'2026-04-02 21:39:25.352821',NULL,3,NULL,0,NULL,NULL,NULL,1);
INSERT INTO "kiralama_kalemi" VALUES(47,34,0,NULL,NULL,NULL,NULL,NULL,NULL,NULL,NULL,'2025-04-19','2026-02-11',400,0,1,0,5000,0,NULL,1,1,1,NULL,1,NULL,NULL,NULL,NULL,NULL,NULL,61,'2026-04-02 21:46:38.553446','2026-04-02 21:46:54.854801',3,3,0,NULL,NULL,2500,1);
INSERT INTO "kiralama_kalemi" VALUES(48,9,0,NULL,NULL,NULL,NULL,NULL,NULL,NULL,NULL,'2026-03-11','2026-03-14',900,0,1,0,4500,0,NULL,2,1,1,NULL,1,NULL,NULL,NULL,NULL,NULL,NULL,62,'2026-04-02 21:50:42.130635','2026-04-02 21:51:02.221683',3,3,0,NULL,NULL,2250,1);
INSERT INTO "kiralama_kalemi" VALUES(48,NULL,1,'','','','OVM33',NULL,NULL,NULL,8,'2026-03-11','2026-03-14',900,383,1,0,0,0,NULL,2,1,1,NULL,1,NULL,NULL,NULL,NULL,NULL,NULL,63,'2026-04-02 21:50:42.133278','2026-04-02 21:51:19.678760',3,3,0,NULL,NULL,0,0);
INSERT INTO "kiralama_kalemi" VALUES(49,8,0,NULL,NULL,NULL,NULL,NULL,NULL,NULL,NULL,'2026-03-14','2026-04-12',516.667,0,1,0,5000,0,NULL,1,0,1,NULL,1,NULL,NULL,NULL,NULL,NULL,NULL,64,'2026-04-02 21:57:00.155991','2026-04-02 21:58:14.211389',3,3,0,NULL,NULL,NULL,1);
INSERT INTO "kiralama_kalemi" VALUES(49,10,0,NULL,NULL,NULL,NULL,NULL,NULL,NULL,NULL,'2026-03-14','2026-04-12',516.667,0,1,0,5000,0,NULL,1,0,1,NULL,1,NULL,NULL,NULL,NULL,NULL,NULL,65,'2026-04-02 21:58:14.213856',NULL,3,NULL,0,NULL,NULL,NULL,1);
INSERT INTO "kiralama_kalemi" VALUES(50,7,0,NULL,NULL,NULL,NULL,NULL,NULL,NULL,NULL,'2026-04-03','2026-04-17',675,0,1,0,7875,0,NULL,1,0,1,NULL,1,NULL,NULL,NULL,NULL,NULL,NULL,66,'2026-04-03 04:33:37.717842','2026-04-03 04:34:12.108081',3,3,0,NULL,NULL,NULL,1);
INSERT INTO "kiralama_kalemi" VALUES(51,3,0,NULL,NULL,NULL,NULL,NULL,NULL,NULL,NULL,'2026-04-06','2026-04-15',1000,0,1,0,5000,0,NULL,1,0,1,NULL,1,NULL,NULL,NULL,NULL,NULL,NULL,67,'2026-04-03 09:58:42.594585',NULL,3,NULL,0,NULL,NULL,NULL,1);
CREATE TABLE kullanilan_parca (
	bakim_kaydi_id INTEGER NOT NULL, 
	stok_karti_id INTEGER NOT NULL, 
	kullanilan_adet INTEGER NOT NULL, 
	id INTEGER NOT NULL, 
	is_active BOOLEAN NOT NULL, 
	created_at DATETIME NOT NULL, 
	updated_at DATETIME, 
	created_by_id INTEGER, 
	updated_by_id INTEGER, 
	is_deleted BOOLEAN NOT NULL, 
	deleted_at DATETIME, 
	deleted_by_id INTEGER, 
	CONSTRAINT pk_kullanilan_parca PRIMARY KEY (id), 
	CONSTRAINT fk_kullanilan_parca_bakim_kaydi_id_bakim_kaydi FOREIGN KEY(bakim_kaydi_id) REFERENCES bakim_kaydi (id), 
	CONSTRAINT fk_kullanilan_parca_stok_karti_id_stok_karti FOREIGN KEY(stok_karti_id) REFERENCES stok_karti (id)
);
CREATE TABLE makine_degisim (
	kiralama_id INTEGER NOT NULL, 
	eski_kalem_id INTEGER NOT NULL, 
	yeni_kalem_id INTEGER NOT NULL, 
	eski_ekipman_id INTEGER, 
	yeni_ekipman_id INTEGER, 
	neden VARCHAR(50) NOT NULL, 
	tarih DATETIME NOT NULL, 
	aciklama TEXT, 
	eski_ekipman_donus_saati INTEGER, 
	yeni_ekipman_cikis_saati INTEGER, 
	servis_kayit_id INTEGER, 
	id INTEGER NOT NULL, 
	is_active BOOLEAN NOT NULL, 
	created_at DATETIME NOT NULL, 
	updated_at DATETIME, 
	created_by_id INTEGER, 
	updated_by_id INTEGER, 
	is_deleted BOOLEAN NOT NULL, 
	deleted_at DATETIME, 
	deleted_by_id INTEGER, 
	CONSTRAINT pk_makine_degisim PRIMARY KEY (id), 
	CONSTRAINT fk_makine_degisim_eski_ekipman_id_ekipman FOREIGN KEY(eski_ekipman_id) REFERENCES ekipman (id), 
	CONSTRAINT fk_makine_degisim_eski_kalem_id_kiralama_kalemi FOREIGN KEY(eski_kalem_id) REFERENCES kiralama_kalemi (id), 
	CONSTRAINT fk_makine_degisim_kiralama_id_kiralama FOREIGN KEY(kiralama_id) REFERENCES kiralama (id), 
	CONSTRAINT fk_makine_degisim_yeni_ekipman_id_ekipman FOREIGN KEY(yeni_ekipman_id) REFERENCES ekipman (id), 
	CONSTRAINT fk_makine_degisim_yeni_kalem_id_kiralama_kalemi FOREIGN KEY(yeni_kalem_id) REFERENCES kiralama_kalemi (id)
);
CREATE TABLE nakliye (
	kiralama_id INTEGER, 
	id INTEGER NOT NULL, 
	tarih DATE NOT NULL, 
	firma_id INTEGER NOT NULL, 
	nakliye_tipi VARCHAR(20), 
	arac_id INTEGER, 
	taseron_firma_id INTEGER, 
	guzergah VARCHAR(200) NOT NULL, 
	plaka VARCHAR(20), 
	aciklama TEXT, 
	tutar NUMERIC(15, 2) NOT NULL, 
	kdv_orani INTEGER, 
	toplam_tutar NUMERIC(15, 2) NOT NULL, 
	taseron_maliyet NUMERIC(15, 2), 
	cari_islendi_mi BOOLEAN, 
	is_active BOOLEAN NOT NULL, 
	CONSTRAINT pk_nakliye PRIMARY KEY (id), 
	CONSTRAINT fk_nakliye_arac_id_araclar FOREIGN KEY(arac_id) REFERENCES araclar (id), 
	CONSTRAINT fk_nakliye_firma_id_firma FOREIGN KEY(firma_id) REFERENCES firma (id), 
	CONSTRAINT fk_nakliye_kiralama_id_kiralama FOREIGN KEY(kiralama_id) REFERENCES kiralama (id) ON DELETE CASCADE, 
	CONSTRAINT fk_nakliye_taseron_firma_id_firma FOREIGN KEY(taseron_firma_id) REFERENCES firma (id)
);
INSERT INTO "nakliye" VALUES(NULL,6,'2026-03-23',4,'oz_mal',1,0,'ikitelli - hadımköy','34ERJ782','intermat hadımköye C14 götürüldü',4250,20,4250,0,0,1);
INSERT INTO "nakliye" VALUES(4,7,'2026-03-24',5,'oz_mal',1,NULL,'PM24 İkitelli şubesinden DURAK APAYDIN firmasının mega center''ne götürüldü','34ERJ782','Gidiş: PF-2026/0051',2500,20,2500,0,0,1);
INSERT INTO "nakliye" VALUES(4,8,'2026-03-24',5,'oz_mal',1,NULL,'PM24 DURAK APAYDIN firmasının mega center''nden İkitelli şubesine getirildi','34ERJ782','Dönüş: PF-2026/0051 #4',2500,20,2500,0,0,1);
INSERT INTO "nakliye" VALUES(1,9,'2026-03-23',1,'oz_mal',1,NULL,'PM05 İkitelli şubesinden SCM MARINE TURIZM TIC LTD.ŞTI firmasının yakuplu west marina''ne götürüldü','34ERJ782','Gidiş: PF-2026/0045',3500,20,3500,0,0,1);
INSERT INTO "nakliye" VALUES(2,10,'2026-03-23',2,'oz_mal',1,NULL,'PM02 İkitelli şubesinden AHMET AKDEMIR firmasının kuru gıda hali igtod şahintepe başakşehir istanbul''ne götürüldü','34ERJ782','Gidiş: PF-2026/0049',2500,20,2500,0,0,1);
INSERT INTO "nakliye" VALUES(NULL,11,'2026-03-24',4,'oz_mal',1,0,'ikitelli sanayi içi','34ERJ782','depozito altı shell petrol yanı',2500,20,2500,0,0,1);
INSERT INTO "nakliye" VALUES(NULL,13,'2026-03-25',4,'oz_mal',1,0,'Esenyurt dhl depo ikitelli','34ERJ782','dhl esenyurt depodan 16mt makas ikitelliye getirildi',4250,20,4250,0,0,1);
INSERT INTO "nakliye" VALUES(5,14,'2026-03-25',6,'oz_mal',2,NULL,'PM09 Ferhatpaşa şubesinden ASES TEKNOLOJİ MEDYA TANITIM SAN. VE TİC LTD. ŞTİ. firmasının Nar Baskı Merkezi Sürat Kargo Deposu Gebze, Kocaeli''ne götürüldü','34GSP972','Gidiş: PF-2026/0052',2500,20,2500,0,0,1);
INSERT INTO "nakliye" VALUES(NULL,16,'2026-03-25',4,'oz_mal',1,0,'ikitelli sanayi içi','34ERJ782','depozito altı shell yanı ',2500,20,2500,0,0,1);
INSERT INTO "nakliye" VALUES(5,17,'2026-03-25',6,'oz_mal',2,NULL,'PM09 ASES TEKNOLOJİ MEDYA TANITIM SAN. VE TİC LTD. ŞTİ. firmasının Nar Baskı Merkezi Sürat Kargo Deposu Gebze, Kocaeli''nden Ferhatpaşa şubesine getirildi','34GSP972','Dönüş: PF-2026/0052 #5',2500,20,2500,0,0,1);
INSERT INTO "nakliye" VALUES(8,18,'2025-11-28',9,'oz_mal',NULL,NULL,'PM18 İkitelli şubesinden MİNE FİDAN – FİDAN FORKLİFT KURTARICI VİNÇ firmasının YEŞİL KUNDURA ŞANTİYESİ TOPKAPI - İSTANBUL''ne götürüldü',NULL,'Gidiş: PF-2025/0221',2000,20,2000,0,0,1);
INSERT INTO "nakliye" VALUES(9,19,'2026-03-05',9,'oz_mal',1,NULL,'PM16 MİNE FİDAN – FİDAN FORKLİFT KURTARICI VİNÇ firmasının TEKSTİLKENT SHELL ŞANTİYESİ''nden İkitelli şubesine getirildi','34ERJ782','Dönüş: PF-2026/0029-1 #10',2000,20,2000,0,0,1);
INSERT INTO "nakliye" VALUES(12,20,'2026-01-21',9,'oz_mal',NULL,NULL,'PM11 İkitelli şubesinden MİNE FİDAN – FİDAN FORKLİFT KURTARICI VİNÇ firmasının TEKSTİLKENT SHELL ŞANTİYESİ''ne götürüldü',NULL,'Gidiş: PF-2026/0007-1',2000,20,2000,0,0,1);
INSERT INTO "nakliye" VALUES(12,21,'2026-01-21',9,'oz_mal',NULL,NULL,'PM21 İkitelli şubesinden MİNE FİDAN – FİDAN FORKLİFT KURTARICI VİNÇ firmasının TEKSTİLKENT SHELL ŞANTİYESİ''ne götürüldü',NULL,'Gidiş: PF-2026/0007-1',2000,20,2000,0,0,1);
INSERT INTO "nakliye" VALUES(3,23,'2026-03-24',3,'oz_mal',NULL,NULL,'PM12 İkitelli şubesinden ENSARİ BİLİCİ firmasının İstoç''ne götürüldü',NULL,'Gidiş: PF-2026/0050',2000,20,2000,0,0,1);
INSERT INTO "nakliye" VALUES(17,24,'2026-02-12',9,'oz_mal',NULL,NULL,'HAULOTTE MİNE FİDAN – FİDAN FORKLİFT KURTARICI VİNÇ firmasına götürüldü (MİNE FİDAN – FİDAN FORKLİFT KURTARICI VİNÇ)',NULL,'Gidiş: PF-2026/0026',0,20,0,0,0,1);
INSERT INTO "nakliye" VALUES(17,25,'2026-02-25',9,'oz_mal',NULL,NULL,'PM28 İkitelli şubesinden MİNE FİDAN – FİDAN FORKLİFT KURTARICI VİNÇ firmasının MİNE FİDAN – FİDAN FORKLİFT KURTARICI VİNÇ''ne götürüldü',NULL,'Gidiş: PF-2026/0026',0,20,0,0,0,1);
INSERT INTO "nakliye" VALUES(NULL,28,'2026-03-26',8,'oz_mal',2,0,'Ferhatpaşa-Viaport Avm','34GSP972','Ovm33 götürülü',2500,20,2500,0,0,1);
INSERT INTO "nakliye" VALUES(NULL,29,'2026-03-27',8,'oz_mal',2,0,'Pendik Viaport - Ferhatpaşa OVM33','34GSP972','',2500,20,2500,0,0,1);
INSERT INTO "nakliye" VALUES(20,30,'2026-03-29',11,'oz_mal',1,NULL,'PM24 İkitelli şubesinden SEMT AJANS REKLAM ORG.MAK.HIRD.END.ÜRÜN.İÇ VE DIŞ TİC. LTD.ŞTİ firmasının ARTAŞ TİC. VE SAN MERK NO 132 AVCILAR İSTANBUL''ne götürüldü','34ERJ782','Gidiş: PF-2026/0056',2500,20,2500,0,0,1);
INSERT INTO "nakliye" VALUES(21,31,'2026-03-29',12,'oz_mal',2,NULL,'PM30 Ferhatpaşa şubesinden MÜCAHİT DEMİREL firmasının kadosan oto sanayi''ne götürüldü','34GSP972','Gidiş: PF-2026/0057',1750,20,1750,0,0,1);
INSERT INTO "nakliye" VALUES(22,32,'2026-03-30',14,'oz_mal',1,NULL,'HAULOTTE AKTİF BESİN ANONİM ŞİRKETİ firmasına götürüldü (AKTİF BESİN İKİTELLİ)','34ERJ782','Gidiş: PF-2026/0058',3000,20,3000,0,0,1);
INSERT INTO "nakliye" VALUES(21,34,'2026-03-29',12,'oz_mal',2,NULL,'PM30 MÜCAHİT DEMİREL firmasının kadosan oto sanayi''nden Ferhatpaşa şubesine getirildi','34GSP972','Dönüş: PF-2026/0057 #27',1750,20,1750,0,0,1);
INSERT INTO "nakliye" VALUES(NULL,35,'2026-03-27',4,'oz_mal',1,0,'İkitelli - B.Çekmece','34ERJ782','',4750,20,4750,0,0,1);
INSERT INTO "nakliye" VALUES(NULL,36,'2026-03-03',8,'oz_mal',2,0,'Gebze-Ferhatpaşa','34GSP972','',2500,20,2500,0,0,1);
INSERT INTO "nakliye" VALUES(NULL,37,'2026-03-05',4,'oz_mal',1,0,'İkitelli Sanayi İçi Yer Değiştirme','34ERJ782','',2500,20,2500,0,0,1);
INSERT INTO "nakliye" VALUES(NULL,38,'2026-03-05',4,'oz_mal',1,0,'Haramidere - İkitelli','34ERJ782','',4250,20,4250,0,0,1);
INSERT INTO "nakliye" VALUES(NULL,39,'2026-03-05',8,'oz_mal',2,0,'Üsküdar -Ferhatpaşa','34GSP972','',2500,20,2500,0,0,1);
INSERT INTO "nakliye" VALUES(NULL,40,'2026-03-07',4,'oz_mal',1,0,'Esenyurt - İkitelli ','34ERJ782','2 Makina (+750) + 2 Saat Bekleme (+1000)',6000,20,6000,0,0,1);
INSERT INTO "nakliye" VALUES(NULL,41,'2026-03-09',4,'oz_mal',1,0,'İkitelli - Arnavutköy','34ERJ782','',4250,20,4250,0,0,1);
INSERT INTO "nakliye" VALUES(NULL,42,'2026-03-10',4,'oz_mal',1,0,'İkitelli - Yenibosna','34ERJ782','',4250,20,4250,0,0,1);
INSERT INTO "nakliye" VALUES(NULL,43,'2026-03-10',4,'oz_mal',1,0,'Yenibosna - İkitelli','34ERJ782','',4250,20,4250,0,0,1);
INSERT INTO "nakliye" VALUES(NULL,44,'2026-03-10',4,'oz_mal',1,0,'Fatih - İkitelli','34ERJ782','',4250,20,4250,0,0,1);
INSERT INTO "nakliye" VALUES(NULL,45,'2026-03-11',8,'oz_mal',2,0,'Şerifali - Ferhatpaşa','34GSP972','',1500,20,1500,0,0,1);
INSERT INTO "nakliye" VALUES(NULL,46,'2026-03-11',8,'oz_mal',2,0,'Üsküdar - Ferhatpaşa','34GSP972','',2500,20,2500,0,0,1);
INSERT INTO "nakliye" VALUES(NULL,47,'2026-03-11',16,'oz_mal',1,0,'TRİOS DEPOSİTO YER DEĞ.','34ERJ782','',1300,20,1300,0,0,1);
INSERT INTO "nakliye" VALUES(NULL,48,'2026-03-12',16,'oz_mal',1,0,'DEPOSİTO - TRİOS','34ERJ782','',1300,20,1300,0,0,1);
INSERT INTO "nakliye" VALUES(NULL,49,'2026-03-28',16,'taseron',0,13,'İKİTELLİ - AVCILAR','','',3000,20,3000,2500,0,1);
INSERT INTO "nakliye" VALUES(NULL,50,'2026-03-16',4,'oz_mal',1,0,'DEPOSİTO - İKİTELLİ','34ERJ782','',2500,20,2500,0,0,1);
INSERT INTO "nakliye" VALUES(NULL,51,'2026-03-17',4,'oz_mal',1,0,'HADIMKÖY - İKİTELLİ','34ERJ782','',4250,20,4250,0,0,1);
INSERT INTO "nakliye" VALUES(20,52,'2026-03-29',11,'oz_mal',1,NULL,'PM24 SEMT AJANS REKLAM ORG.MAK.HIRD.END.ÜRÜN.İÇ VE DIŞ TİC. LTD.ŞTİ firmasının ARTAŞ TİC. VE SAN MERK NO 132 AVCILAR İSTANBUL''nden İkitelli şubesine getirildi','34ERJ782','Dönüş: PF-2026/0056 #26',2500,20,2500,0,0,1);
INSERT INTO "nakliye" VALUES(22,53,'2026-03-30',14,'oz_mal',1,NULL,'HAULOTTE OPTIMUM8 AKTİF BESİN ANONİM ŞİRKETİ firmasının AKTİF BESİN İKİTELLİ''nden Tedarikçiye İade şubesine getirildi','34ERJ782','Dönüş: PF-2026/0058 #28',0,20,0,0,0,1);
INSERT INTO "nakliye" VALUES(24,54,'2026-03-31',5,'oz_mal',1,NULL,'PM24 İkitelli şubesinden DURAK APAYDIN firmasının SELF PLASTİK ESENYURT''ne götürüldü','34ERJ782','Gidiş: PF-2026/0060',3000,20,3000,0,0,1);
INSERT INTO "nakliye" VALUES(NULL,55,'2026-03-28',8,'oz_mal',1,0,'İkitelli Sefaköy Sanayi','34ERJ782','',1000,20,1000,0,0,1);
INSERT INTO "nakliye" VALUES(NULL,56,'2026-03-28',8,'oz_mal',1,0,'İkitelli Sanayi','34ERJ782','',1000,20,1000,0,0,1);
INSERT INTO "nakliye" VALUES(NULL,57,'2026-03-31',8,'oz_mal',2,0,'Sancaktepe Sinpaş Metrolife','34GSP972','',1750,20,1750,0,0,1);
INSERT INTO "nakliye" VALUES(NULL,58,'2026-03-30',4,'oz_mal',1,0,'B.Çekmece - İkitelli','34ERJ782','',4750,20,4750,0,0,1);
INSERT INTO "nakliye" VALUES(NULL,59,'2026-03-31',4,'oz_mal',1,0,'İKİTELLİ-ZEYTİNBURNU','34ERJ782','',4250,20,4250,0,0,1);
INSERT INTO "nakliye" VALUES(NULL,60,'2026-03-31',4,'oz_mal',1,0,'ZEYTİNBURNU-İKİTELLİ','34ERJ782','',4250,20,4250,0,0,1);
INSERT INTO "nakliye" VALUES(25,61,'2026-02-28',17,'oz_mal',1,NULL,'PM03 İkitelli şubesinden KELEŞ MEKANİK TESİSAT DOĞAL GAZ SİSTEMLERİ SAN VE TİC LTD ŞTİ firmasının KORU FLORYA''ne götürüldü','34ERJ782','Gidiş: PF-2026/0032',2500,20,2500,0,0,1);
INSERT INTO "nakliye" VALUES(25,62,'2026-03-30',17,'oz_mal',1,NULL,'PM03 KELEŞ MEKANİK TESİSAT DOĞAL GAZ SİSTEMLERİ SAN VE TİC LTD ŞTİ firmasının KORU FLORYA''nden İkitelli şubesine getirildi','34ERJ782','Dönüş: PF-2026/0032 #31',2500,20,2500,0,0,1);
INSERT INTO "nakliye" VALUES(NULL,65,'2026-02-03',4,'oz_mal',1,0,'MOİ - İKİTELLİ','34ERJ782','2 MAKİNE',3000,20,3000,0,0,1);
INSERT INTO "nakliye" VALUES(NULL,66,'2026-02-03',4,'oz_mal',1,0,'İKİTELLİ-Z.BURNU','34ERJ782','',4250,20,4250,0,0,1);
INSERT INTO "nakliye" VALUES(NULL,67,'2026-02-06',4,'oz_mal',1,0,'İKİTELLİ-K.BURGAZ','34ERJ782','',4250,20,4250,0,0,1);
INSERT INTO "nakliye" VALUES(NULL,68,'2026-02-06',4,'oz_mal',0,0,'K.BURGAZ-İKİTELLİ','','',4250,20,4250,0,0,1);
INSERT INTO "nakliye" VALUES(NULL,69,'2026-02-09',4,'oz_mal',1,0,'İKİTELLİ-K.BURGAZ','34ERJ782','',4250,20,4250,0,0,1);
INSERT INTO "nakliye" VALUES(NULL,70,'2026-02-11',4,'oz_mal',1,0,'İKİTELLİ-ESENYURT','34ERJ782','',4250,20,4250,0,0,1);
INSERT INTO "nakliye" VALUES(NULL,71,'2026-02-13',4,'oz_mal',0,0,'İKİTELLİ-ESENYURT','','',4250,20,4250,0,0,1);
INSERT INTO "nakliye" VALUES(NULL,72,'2026-02-16',4,'oz_mal',1,0,'BEŞİKTAŞ-İKİTELLİ','34ERJ782','',4250,20,4250,0,0,1);
INSERT INTO "nakliye" VALUES(NULL,73,'2026-02-16',4,'oz_mal',1,0,'H.DERE-İKİTELLİ','34ERJ782','',4250,20,4250,0,0,1);
INSERT INTO "nakliye" VALUES(NULL,74,'2026-02-16',4,'oz_mal',1,0,'HADIMKÖY-İKİTELLİ','34ERJ782','',4250,20,4250,0,0,1);
INSERT INTO "nakliye" VALUES(NULL,75,'2026-02-17',4,'oz_mal',1,0,'BEYOĞLU-İKİTELLİ','34ERJ782','2 MAKİNE + 3.5 SAAT BEKLEME +2000',7000,20,7000,0,0,1);
INSERT INTO "nakliye" VALUES(NULL,76,'2026-02-18',4,'oz_mal',1,0,'İKİTELLİ-ERGENE','34ERJ782','2 MAKİNE',10500,20,10500,0,0,1);
INSERT INTO "nakliye" VALUES(NULL,77,'2026-02-19',4,'oz_mal',1,0,'İKİTELLİ-HOŞDERE','34ERJ782','',4250,20,4250,0,0,1);
INSERT INTO "nakliye" VALUES(NULL,78,'2026-02-20',4,'oz_mal',1,0,'İKİTELLİ-ESENYURT','34ERJ782','',4250,20,4250,0,0,1);
INSERT INTO "nakliye" VALUES(NULL,79,'2026-02-20',4,'oz_mal',1,0,'ESENYURT-İKİTELLİ','34ERJ782','',3750,20,3750,0,0,1);
INSERT INTO "nakliye" VALUES(NULL,80,'2026-02-24',4,'oz_mal',1,0,'İKİTELLİ-ESENYURT','34ERJ782','',4250,20,4250,0,0,1);
INSERT INTO "nakliye" VALUES(NULL,81,'2026-02-20',4,'oz_mal',1,0,'ESENYURT-İKİTELLİ','34ERJ782','',3750,20,3750,0,0,1);
INSERT INTO "nakliye" VALUES(NULL,82,'2026-02-27',4,'oz_mal',1,0,'İKİTELLİ-B.EVLER','34ERJ782','2 MAKİNE',5000,20,5000,0,0,1);
INSERT INTO "nakliye" VALUES(NULL,83,'2026-02-27',4,'oz_mal',1,0,'İKİTELLİ-HADIMKÖT','34ERJ782','',4250,20,4250,0,0,1);
INSERT INTO "nakliye" VALUES(NULL,84,'2026-01-03',4,'oz_mal',1,0,'ESENYURT-İKİTELLİ','34ERJ782','',4250,20,4250,0,0,1);
INSERT INTO "nakliye" VALUES(NULL,85,'2026-01-05',4,'oz_mal',1,0,'İKİTELLİ-K.BURGAZ','34ERJ782','',4250,20,4250,0,0,1);
INSERT INTO "nakliye" VALUES(NULL,86,'2026-01-07',4,'oz_mal',1,0,'İKİTELLİ-ESENYURT','34ERJ782','',4250,20,4250,0,0,1);
INSERT INTO "nakliye" VALUES(NULL,87,'2026-01-08',4,'oz_mal',1,0,'İOSB -İKİTELLİ','34ERJ782','',2500,20,2500,0,0,1);
INSERT INTO "nakliye" VALUES(NULL,88,'2026-01-08',4,'oz_mal',1,0,'K.BURGAZ-İKİTELLİ','34ERJ782','',4250,20,4250,0,0,1);
INSERT INTO "nakliye" VALUES(NULL,89,'2026-01-09',4,'oz_mal',1,0,'ESENYURT-İKİTELLİ','34ERJ782','',4250,20,4250,0,0,1);
INSERT INTO "nakliye" VALUES(NULL,90,'2026-01-13',4,'oz_mal',1,0,'İKİTELLİ-ESENYURT','34ERJ782','',4250,20,4250,0,0,1);
INSERT INTO "nakliye" VALUES(NULL,91,'2026-01-14',4,'oz_mal',1,0,'İKİTELLİ-MOİ','34ERJ782','',4250,20,4250,0,0,1);
INSERT INTO "nakliye" VALUES(NULL,92,'2026-01-14',4,'oz_mal',1,0,'İKİTELLİ-ESENYURT','34ERJ782','',4250,20,4250,0,0,1);
INSERT INTO "nakliye" VALUES(NULL,93,'2026-01-14',4,'oz_mal',1,0,'ESENYURT-İKİTELLİ','34ERJ782','',4250,20,4250,0,0,1);
INSERT INTO "nakliye" VALUES(NULL,94,'2026-01-15',4,'oz_mal',1,0,'İKİTELLİ-K.ŞEHİR','34ERJ782','',4250,20,4250,0,0,1);
INSERT INTO "nakliye" VALUES(NULL,95,'2026-01-16',4,'oz_mal',1,0,'İKİTELLİ-MOİ','34ERJ782','',3250,20,3250,0,0,1);
INSERT INTO "nakliye" VALUES(NULL,96,'2026-01-16',4,'oz_mal',1,0,'İOSB-İKİTELLİ','34ERJ782','',2500,20,2500,0,0,1);
INSERT INTO "nakliye" VALUES(NULL,97,'2026-01-21',4,'oz_mal',1,0,'İKİTELLİ-FATİH','34ERJ782','',5000,20,5000,0,0,1);
INSERT INTO "nakliye" VALUES(NULL,98,'2026-01-21',4,'oz_mal',1,0,'YEŞİLKÖY-İKİTELLİ','34ERJ782','',4000,20,4000,0,0,1);
INSERT INTO "nakliye" VALUES(NULL,99,'2026-01-22',4,'oz_mal',1,0,'İKİTELLİ-Y.BOSNA','34ERJ782','',5000,20,5000,0,0,1);
INSERT INTO "nakliye" VALUES(NULL,100,'2026-01-22',4,'oz_mal',1,0,'YENİBOSNA-İKİTELLİ','34ERJ782','',4250,20,4250,0,0,1);
INSERT INTO "nakliye" VALUES(NULL,101,'2026-01-23',4,'oz_mal',1,0,'İKİTELLİ-HADIMKÖY','34ERJ782','',4250,20,4250,0,0,1);
INSERT INTO "nakliye" VALUES(NULL,102,'2026-01-24',4,'oz_mal',1,0,'İKİTELLİ-K.BURGAZ','34ERJ782','',4250,20,4250,0,0,1);
INSERT INTO "nakliye" VALUES(NULL,103,'2026-01-26',4,'oz_mal',1,0,'İOSB-İKİTELLİ','34ERJ782','',2500,20,2500,0,0,1);
INSERT INTO "nakliye" VALUES(NULL,104,'2026-01-27',4,'oz_mal',1,0,'İKİTELLİ-HADIMKÖY','34ERJ782','',4250,20,4250,0,0,1);
INSERT INTO "nakliye" VALUES(19,106,'2026-03-27',10,'oz_mal',1,NULL,'PM28 İkitelli şubesinden KAYRAM GIDA DAĞITIM VE PAZARLAMA TİCARET LİMİTED ŞİRKETİ firmasının KAYRAM GIDA BEYLİKDÜZÜ - İSTANBUL''ne götürüldü','34ERJ782','Gidiş: PF-2026/0055',3500,20,3500,0,0,1);
INSERT INTO "nakliye" VALUES(19,107,'2026-03-27',10,'oz_mal',NULL,NULL,'PM40 İkitelli şubesinden KAYRAM GIDA DAĞITIM VE PAZARLAMA TİCARET LİMİTED ŞİRKETİ firmasının KAYRAM GIDA BEYLİKDÜZÜ - İSTANBUL''ne götürüldü',NULL,'Gidiş: PF-2026/0055',0,20,0,0,0,1);
INSERT INTO "nakliye" VALUES(NULL,108,'2026-02-02',16,'oz_mal',1,0,'Çakıcı Deposito Yer Değ','34ERJ782','',1300,20,1300,0,0,1);
INSERT INTO "nakliye" VALUES(NULL,109,'2026-02-04',16,'oz_mal',1,0,'Deposito Trios Yer Değ','34ERJ782','',1300,20,1300,0,0,1);
INSERT INTO "nakliye" VALUES(NULL,110,'2026-01-10',16,'oz_mal',1,0,'Bayrampaşa Gidiş','34ERJ782','',2500,20,2500,0,0,1);
INSERT INTO "nakliye" VALUES(NULL,111,'2026-01-12',16,'oz_mal',1,0,'Çakıcı Trios Yer Değ','34ERJ782','',1300,20,1300,0,0,1);
INSERT INTO "nakliye" VALUES(NULL,112,'2026-01-29',16,'oz_mal',1,0,'Trios Çakıcı Yer Değ','34ERJ782','',1300,20,1300,0,0,1);
INSERT INTO "nakliye" VALUES(30,113,'2025-12-03',16,'oz_mal',NULL,NULL,'PM22 İkitelli şubesinden ÇAĞDAŞ YAPI ELEKTRİK MÜHENDİSLİK SAN VE TİC. LTD. ŞTİ firmasının Yenel Etiket Başakşehir''ne götürüldü',NULL,'Gidiş: PF-2025/0222',1000,20,1000,0,0,1);
INSERT INTO "nakliye" VALUES(31,114,'2025-08-29',22,'oz_mal',1,NULL,'PM08 İkitelli şubesinden TT MOTOR ANONİM ŞİRKETİ firmasının tt motor şişli''ne götürüldü','34ERJ782','Gidiş: PF-2025/0158',2000,20,2000,0,0,1);
INSERT INTO "nakliye" VALUES(32,115,'2026-01-05',23,'oz_mal',1,NULL,'PM11 İkitelli şubesinden VİNÇÇİM ERDEM ALDEMİR firmasının VİNÇÇİM ERDEM ALDEMİR''ne götürüldü','34ERJ782','Gidiş: PF-2026/0003',2500,20,2500,0,0,1);
INSERT INTO "nakliye" VALUES(34,117,'2026-03-06',17,'oz_mal',1,NULL,'PM23 İkitelli şubesinden KELEŞ MEKANİK TESİSAT DOĞAL GAZ SİSTEMLERİ SAN VE TİC LTD ŞTİ firmasının KELEŞ MEKANİK TESİSAT DOĞAL GAZ SİSTEMLERİ SAN VE TİC LTD ŞTİ''ne götürüldü','34ERJ782','Gidiş: PF-2026/0035',2500,20,2500,0,0,1);
INSERT INTO "nakliye" VALUES(35,118,'2026-01-13',23,'oz_mal',1,NULL,'HAULOTTE VİNÇÇİM ERDEM ALDEMİR firmasına götürüldü (FİLM STÜDYOSU)','34ERJ782','Gidiş: PF-2026/0006-4',2500,20,2500,0,0,1);
INSERT INTO "nakliye" VALUES(35,119,'2026-01-13',23,'oz_mal',1,NULL,'PM10 İkitelli şubesinden VİNÇÇİM ERDEM ALDEMİR firmasının FİLM STÜDYOSU''ne götürüldü','34ERJ782','Gidiş: PF-2026/0006-4',2500,20,2500,0,0,1);
INSERT INTO "nakliye" VALUES(36,121,'2026-02-03',23,'oz_mal',NULL,NULL,'Dış Ekipman VİNÇÇİM ERDEM ALDEMİR firmasına götürüldü (ATLASPARK)',NULL,'Gidiş: PF-2026/0018',2500,20,2500,0,0,1);
INSERT INTO "nakliye" VALUES(37,122,'2026-03-17',19,'oz_mal',1,NULL,'PM17 İkitelli şubesinden BAAZ MİMARLIK İNŞAAT VE GIDA SANAYİ TİCARET LİMİTED ŞİRKETİ firmasının koru florya''ne götürüldü','34ERJ782','Gidiş: PF-2026/0046',2500,20,2500,0,0,1);
INSERT INTO "nakliye" VALUES(39,123,'2026-03-12',25,'oz_mal',1,NULL,'PM33 İkitelli şubesinden DAK ALÜMİNYUM YAPI VE CEPHE SİST. İTH. İHR. SAN VE TİC. LTD. ŞTİ firmasının DAK ALÜMİNYUM YAPI VE CEPHE SİST. İTH. İHR. SAN VE TİC. LTD. ŞTİ''ne götürüldü','34ERJ782','Gidiş: PF-2026/0045-1',2500,20,2500,0,0,1);
INSERT INTO "nakliye" VALUES(27,124,'2026-04-01',19,'oz_mal',NULL,NULL,'PM33 İkitelli şubesinden BAAZ MİMARLIK İNŞAAT VE GIDA SANAYİ TİCARET LİMİTED ŞİRKETİ firmasının KORU FLORYA - İSTANBUL''ne götürüldü',NULL,'Gidiş: PF-2026/0062',2500,20,2500,0,0,1);
INSERT INTO "nakliye" VALUES(27,125,'2026-04-01',19,'oz_mal',NULL,NULL,'SINOBOOM BAAZ MİMARLIK İNŞAAT VE GIDA SANAYİ TİCARET LİMİTED ŞİRKETİ firmasına götürüldü (KORU FLORYA - İSTANBUL)',NULL,'Gidiş: PF-2026/0062',0,20,0,0,0,1);
INSERT INTO "nakliye" VALUES(40,126,'2025-02-28',26,'oz_mal',1,NULL,'PM36 İkitelli şubesinden TOPAZ İNŞAAT PAZARLAMA SANAYİ TİCARET LİMİTED ŞİRKETİ firmasının HADIMKÖY BAYKAR''ne götürüldü','34ERJ782','Gidiş: PF-2025/0041',2500,20,2500,0,0,1);
INSERT INTO "nakliye" VALUES(41,127,'2025-06-28',26,'oz_mal',1,NULL,'PM25 İkitelli şubesinden TOPAZ İNŞAAT PAZARLAMA SANAYİ TİCARET LİMİTED ŞİRKETİ firmasının HADIMKÖY BAYKAR''ne götürüldü','34ERJ782','Gidiş: PF-2025/0118',2500,20,2500,0,0,1);
INSERT INTO "nakliye" VALUES(6,128,'2026-03-25',7,'oz_mal',NULL,NULL,'PM25 İkitelli şubesinden ATILIM DOĞALGAZ ISI SİSTEMLERİ İNŞ. SAN. VE TİC. LTD. ŞTİ. firmasının DAVUTPAŞA DİA CENTRO, ZEYTİNBURNU İSTANBUL''ne götürüldü',NULL,'Gidiş: PF-2026/0053',2500,20,2500,0,0,1);
INSERT INTO "nakliye" VALUES(44,133,'2026-03-04',28,'oz_mal',2,NULL,'PM09 Ferhatpaşa şubesinden NORVA MÜHENDİSLİK İNŞAAT GAYRİMENKUL SAN. TİC. LTD. ŞTİ. firmasının ATAKENT ÜMRANİYE İSTANBUL''ne götürüldü','34GSP972','Gidiş: PF-2026/0034',2500,20,2500,0,0,1);
INSERT INTO "nakliye" VALUES(44,134,'2026-03-07',28,'oz_mal',NULL,NULL,'PM32 Ferhatpaşa şubesinden NORVA MÜHENDİSLİK İNŞAAT GAYRİMENKUL SAN. TİC. LTD. ŞTİ. firmasının ATAKENT ÜMRANİYE İSTANBUL''ne götürüldü',NULL,'Gidiş: PF-2026/0034',0,20,0,0,0,1);
INSERT INTO "nakliye" VALUES(44,135,'2026-03-06',28,'oz_mal',2,NULL,'PM09 NORVA MÜHENDİSLİK İNŞAAT GAYRİMENKUL SAN. TİC. LTD. ŞTİ. firmasının ATAKENT ÜMRANİYE İSTANBUL''nden Ferhatpaşa şubesine getirildi','34GSP972','Dönüş: PF-2026/0034 #57',2500,20,2500,0,0,1);
INSERT INTO "nakliye" VALUES(45,136,'2026-03-11',5,'oz_mal',1,NULL,'PM01 İkitelli şubesinden DURAK APAYDIN firmasının MEGA CENTER BAYRAMPAŞA''ne götürüldü','34ERJ782','Gidiş: PF-2026/0044',2000,20,2000,0,0,1);
INSERT INTO "nakliye" VALUES(45,137,'2026-03-16',5,'oz_mal',1,NULL,'PM01 DURAK APAYDIN firmasının MEGA CENTER BAYRAMPAŞA''nden İkitelli şubesine getirildi','34ERJ782','Dönüş: PF-2026/0044 #59',2000,20,2000,0,0,1);
INSERT INTO "nakliye" VALUES(23,138,'2026-03-30',15,'oz_mal',NULL,NULL,'PM01 İkitelli şubesinden AKILLAR MÜHENDİSLİK OTOMASYON ELEKTRİK TAAHHÜT SANAYİ VE TİCARET LİMİTED ŞİRKETİ firmasının İKİTELLİ BAŞAKŞEHİR''ne götürüldü',NULL,'Gidiş: PF-2026/0059',2000,20,2000,0,0,1);
INSERT INTO "nakliye" VALUES(46,139,'2026-03-11',29,'oz_mal',1,NULL,'PM31 İkitelli şubesinden MURAT DEMİREL firmasının DORUK ECZA YENİBOSNA''ne götürüldü','34ERJ782','Gidiş: PF-2026/0043',2500,20,2500,0,0,1);
INSERT INTO "nakliye" VALUES(47,140,'2025-04-19',26,'oz_mal',1,NULL,'PM34 İkitelli şubesinden TOPAZ İNŞAAT PAZARLAMA SANAYİ TİCARET LİMİTED ŞİRKETİ firmasının HADIMKÖY BAYKAR''ne götürüldü','34ERJ782','Gidiş: PF-2025/0074',2500,20,2500,0,0,1);
INSERT INTO "nakliye" VALUES(47,141,'2026-02-11',26,'oz_mal',1,NULL,'PM34 TOPAZ İNŞAAT PAZARLAMA SANAYİ TİCARET LİMİTED ŞİRKETİ firmasının HADIMKÖY BAYKAR''nden İkitelli şubesine getirildi','34ERJ782','Dönüş: PF-2025/0074 #61',2500,20,2500,0,0,1);
INSERT INTO "nakliye" VALUES(43,142,'2026-03-03',27,'oz_mal',1,NULL,'PM14 İkitelli şubesinden LF ENDÜSTRİYEL MAĞAZA SİSTEMLERİ SANAYİ VE TİCARET AŞ firmasının BAHÇELİEVLER''ne götürüldü','34ERJ782','Gidiş: PF-2026/0033',2500,20,2500,0,0,1);
INSERT INTO "nakliye" VALUES(43,143,'2026-03-03',27,'oz_mal',NULL,NULL,'PM26 İkitelli şubesinden LF ENDÜSTRİYEL MAĞAZA SİSTEMLERİ SANAYİ VE TİCARET AŞ firmasının BAHÇELİEVLER''ne götürüldü',NULL,'Gidiş: PF-2026/0033',0,20,0,0,0,1);
INSERT INTO "nakliye" VALUES(43,144,'2026-03-03',27,'oz_mal',NULL,NULL,'PM34 İkitelli şubesinden LF ENDÜSTRİYEL MAĞAZA SİSTEMLERİ SANAYİ VE TİCARET AŞ firmasının BAHÇELİEVLER''ne götürüldü',NULL,'Gidiş: PF-2026/0033',0,20,0,0,0,1);
INSERT INTO "nakliye" VALUES(48,145,'2026-03-11',30,'oz_mal',2,NULL,'PM09 Ferhatpaşa şubesinden KASKA METAL İNŞAAT LİMİTED ŞİRKETİ firmasının SULTANBEYLİ''ne götürüldü','34GSP972','Gidiş: PF-2026/0042',2250,20,2250,0,0,1);
INSERT INTO "nakliye" VALUES(48,146,'2026-03-14',30,'oz_mal',2,NULL,'PM09 KASKA METAL İNŞAAT LİMİTED ŞİRKETİ firmasının SULTANBEYLİ''nden Ferhatpaşa şubesine getirildi','34GSP972','Dönüş: PF-2026/0042 #62',2250,20,2250,0,0,1);
INSERT INTO "nakliye" VALUES(48,147,'2026-03-14',30,'oz_mal',2,NULL,'OVM33 KASKA METAL İNŞAAT LİMİTED ŞİRKETİ firmasının SULTANBEYLİ''nden Tedarikçiye İade şubesine getirildi','34GSP972','Dönüş: PF-2026/0042 #63',0,20,0,0,0,1);
INSERT INTO "nakliye" VALUES(49,148,'2026-03-14',31,'oz_mal',1,NULL,'PM08 İkitelli şubesinden TOKSAN PLASTİK GERİ DÖNÜŞÜM SAN TİC LTD ŞTİ firmasının DOĞUSAN TANKER ÇATALCA  - İSTANBUL''ne götürüldü','34ERJ782','Gidiş: PF-2026/0041',2500,20,2500,0,0,1);
INSERT INTO "nakliye" VALUES(49,149,'2026-03-14',31,'oz_mal',1,NULL,'PM10 İkitelli şubesinden TOKSAN PLASTİK GERİ DÖNÜŞÜM SAN TİC LTD ŞTİ firmasının DOĞUSAN TANKER ÇATALCA  - İSTANBUL''ne götürüldü','34ERJ782','Gidiş: PF-2026/0041',2500,20,2500,0,0,1);
INSERT INTO "nakliye" VALUES(50,150,'2026-04-03',24,'oz_mal',1,NULL,'PM07 İkitelli şubesinden RENK MASTER PLASTİK VE KİMYA ENDÜSTRİ SAN VE TİC A.Ş. firmasının RENK MASTER SİLİVRİ İSTANBUL''ne götürüldü','34ERJ782','Gidiş: PF-2026/0063',3937.5,20,3937.5,0,0,1);
INSERT INTO "nakliye" VALUES(26,151,'2026-04-03',18,'oz_mal',NULL,NULL,'PM39 İkitelli şubesinden ÇELİK PLATFORM SERDAR ÇELİK firmasının ATAKÖY - İSTANBUL''ne götürüldü',NULL,'Gidiş: PF-2026/0061',0,20,0,0,0,1);
INSERT INTO "nakliye" VALUES(51,152,'2026-04-06',32,'oz_mal',1,NULL,'PM03 İkitelli şubesinden SABANCI MAK. SAN. İTHALAT İHRACAT VE TİC. LTD. ŞTİ firmasının İSTON HADIMKÖY FABRİKASI''ne götürüldü','34ERJ782','Gidiş: PF-2026/0065',2500,20,2500,0,0,1);
INSERT INTO "nakliye" VALUES(NULL,153,'2026-04-01',20,'oz_mal',1,0,'GÜZELCE MARİNA- YAKUPLU MARİNA YER DEĞ.','34ERJ782','',4250,20,4250,0,0,1);
CREATE TABLE odeme (
	firma_musteri_id INTEGER NOT NULL, 
	kasa_id INTEGER, 
	tarih DATE NOT NULL, 
	tutar NUMERIC(15, 2) NOT NULL, 
	yon VARCHAR(20) NOT NULL, 
	fatura_no VARCHAR(50), 
	vade_tarihi DATE, 
	aciklama VARCHAR(250), 
	id INTEGER NOT NULL, 
	is_active BOOLEAN NOT NULL, 
	created_at DATETIME NOT NULL, 
	updated_at DATETIME, 
	created_by_id INTEGER, 
	updated_by_id INTEGER, 
	is_deleted BOOLEAN NOT NULL, 
	deleted_at DATETIME, 
	deleted_by_id INTEGER, 
	CONSTRAINT pk_odeme PRIMARY KEY (id), 
	CONSTRAINT ck_odeme_check_odeme_yon CHECK (yon IN ('tahsilat', 'odeme')), 
	CONSTRAINT fk_odeme_firma_musteri_id_firma FOREIGN KEY(firma_musteri_id) REFERENCES firma (id), 
	CONSTRAINT fk_odeme_kasa_id_kasa FOREIGN KEY(kasa_id) REFERENCES kasa (id)
);
INSERT INTO "odeme" VALUES(3,3,'2026-03-23',16000,'tahsilat','',NULL,'',1,1,'2026-03-23 15:57:57.889958',NULL,2,NULL,0,NULL,NULL);
INSERT INTO "odeme" VALUES(9,2,'2026-02-07',40000,'tahsilat','',NULL,'KREDİ KARTI İLE TAHSİLAT',2,0,'2026-03-26 09:38:36.428913','2026-03-26 11:10:12.102552',3,NULL,1,'2026-03-26 11:10:12.101918',3);
INSERT INTO "odeme" VALUES(9,5,'2026-02-07',50000,'tahsilat','','2026-04-05','ALTUNBEY YAPI MÜŞTERİ ÇEKİ',3,0,'2026-03-26 09:41:14.563317','2026-03-26 11:10:17.604712',3,NULL,1,'2026-03-26 11:10:17.603900',3);
INSERT INTO "odeme" VALUES(12,4,'2026-03-30',5000,'tahsilat','',NULL,'',4,1,'2026-03-30 08:54:23.505640',NULL,3,NULL,0,NULL,NULL);
INSERT INTO "odeme" VALUES(1,2,'2026-04-01',42600,'tahsilat','',NULL,'',5,1,'2026-04-01 09:07:17.731807',NULL,3,NULL,0,NULL,NULL);
INSERT INTO "odeme" VALUES(10,1,'2026-04-01',8400,'tahsilat','',NULL,'',6,1,'2026-04-01 09:07:40.794684',NULL,3,NULL,0,NULL,NULL);
INSERT INTO "odeme" VALUES(4,1,'2026-01-30',56106.07,'tahsilat','',NULL,'',7,1,'2026-04-02 10:38:27.644183',NULL,3,NULL,0,NULL,NULL);
INSERT INTO "odeme" VALUES(4,1,'2026-02-27',15180,'tahsilat','',NULL,'',8,1,'2026-04-02 10:38:53.789580',NULL,3,NULL,0,NULL,NULL);
INSERT INTO "odeme" VALUES(21,1,'2025-12-30',54000,'tahsilat','',NULL,'',9,0,'2026-04-02 10:58:50.243711','2026-04-02 11:00:03.828479',3,NULL,1,'2026-04-02 11:00:03.827287',3);
INSERT INTO "odeme" VALUES(21,1,'2026-02-20',26400,'tahsilat','',NULL,'',10,0,'2026-04-02 10:59:09.509752','2026-04-02 11:00:00.074541',3,NULL,1,'2026-04-02 11:00:00.073863',3);
INSERT INTO "odeme" VALUES(21,2,'2025-12-30',54000,'tahsilat','',NULL,'',11,1,'2026-04-02 11:00:38.026141',NULL,3,NULL,0,NULL,NULL);
INSERT INTO "odeme" VALUES(21,2,'2026-02-20',26400,'tahsilat','',NULL,'',12,1,'2026-04-02 11:00:55.193545',NULL,3,NULL,0,NULL,NULL);
INSERT INTO "odeme" VALUES(21,4,'2026-01-09',10000,'tahsilat','',NULL,'',13,1,'2026-04-02 11:01:14.709570',NULL,3,NULL,0,NULL,NULL);
INSERT INTO "odeme" VALUES(22,4,'2025-11-29',50000,'tahsilat','',NULL,'',14,1,'2026-04-02 12:21:24.450063',NULL,3,NULL,0,NULL,NULL);
CREATE TABLE operation_log (
	id INTEGER NOT NULL, 
	created_at DATETIME NOT NULL, 
	user_id INTEGER, 
	username VARCHAR(80), 
	module VARCHAR(80) NOT NULL, 
	action VARCHAR(80) NOT NULL, 
	entity_type VARCHAR(80), 
	entity_id INTEGER, 
	success BOOLEAN NOT NULL, 
	description TEXT, 
	ip_address VARCHAR(64), 
	request_path VARCHAR(255), 
	CONSTRAINT pk_operation_log PRIMARY KEY (id)
);
INSERT INTO "operation_log" VALUES(1,'2026-03-22 13:56:23.119187',2,'cuneytdemir','kiralama','create','Kiralama',3,1,'Kiralama oluşturuldu: PF-2026/0003','127.0.0.1','/kiralama/ekle');
INSERT INTO "operation_log" VALUES(2,'2026-03-22 13:56:49.345343',2,'cuneytdemir','kiralama','delete','Kiralama',1,1,'Kiralama silindi (soft/hard): ID=1','127.0.0.1','/kiralama/sil/1');
INSERT INTO "operation_log" VALUES(3,'2026-03-22 13:59:39.476048',2,'cuneytdemir','kiralama','sonlandir_kalem','KiralamaKalemi',4,1,'Kiralama kalemi sonlandırıldı: kalem_id=4','127.0.0.1','/kiralama/kalem/sonlandir');
INSERT INTO "operation_log" VALUES(4,'2026-03-22 14:02:56.065405',2,'cuneytdemir','filo','create','Ekipman',23,1,'PM23 makine eklendi.','127.0.0.1','/filo/ekle');
INSERT INTO "operation_log" VALUES(5,'2026-03-22 14:04:55.593111',2,'cuneytdemir','filo','create','Ekipman',24,1,'PM24 makine eklendi.','127.0.0.1','/filo/ekle');
INSERT INTO "operation_log" VALUES(6,'2026-03-22 14:07:42.322708',2,'cuneytdemir','filo','create','Ekipman',25,1,'PM25 makine eklendi.','127.0.0.1','/filo/ekle');
INSERT INTO "operation_log" VALUES(7,'2026-03-22 15:22:51.150005',2,'cuneytdemir','filo','update','Ekipman',39,1,'PM39 makine bilgileri güncellendi.','127.0.0.1','/filo/duzelt/39');
INSERT INTO "operation_log" VALUES(8,'2026-03-22 15:23:19.973025',2,'cuneytdemir','filo','update','Ekipman',42,1,'PF-1 makine bilgileri güncellendi.','127.0.0.1','/filo/duzelt/42');
INSERT INTO "operation_log" VALUES(9,'2026-03-22 15:23:47.263207',2,'cuneytdemir','filo','update','Ekipman',43,1,'PF-2 makine bilgileri güncellendi.','127.0.0.1','/filo/duzelt/43');
INSERT INTO "operation_log" VALUES(10,'2026-03-22 15:23:54.047605',2,'cuneytdemir','filo','update','Ekipman',42,1,'PF-1 makine bilgileri güncellendi.','127.0.0.1','/filo/duzelt/42');
INSERT INTO "operation_log" VALUES(11,'2026-03-22 16:01:02.340377',2,'cuneytdemir','cari','kasa_ekle','Kasa',1,1,'Yapı Kredi Bankası kasası oluşturuldu.','127.0.0.1','/cari/kasa/ekle');
INSERT INTO "operation_log" VALUES(12,'2026-03-22 16:05:00.270460',2,'cuneytdemir','cari','kasa_ekle','Kasa',2,1,'Kuveyt Türk kasası oluşturuldu.','127.0.0.1','/cari/kasa/ekle');
INSERT INTO "operation_log" VALUES(13,'2026-03-22 16:11:02.094725',2,'cuneytdemir','nakliyeler','create','Nakliye',5,1,'Nakliye seferi eklendi (#5).','127.0.0.1','/nakliyeler/ekle');
INSERT INTO "operation_log" VALUES(14,'2026-03-22 16:15:04.641692',2,'cuneytdemir','cari','kasa_duzelt','Kasa',1,1,'Kasa #1 (Yapı Kredi Bankası) güncellendi.','127.0.0.1','/cari/kasa/duzelt/1');
INSERT INTO "operation_log" VALUES(15,'2026-03-22 16:15:20.093682',2,'cuneytdemir','cari','kasa_duzelt','Kasa',2,1,'Kasa #2 (Kuveyt Türk) güncellendi.','127.0.0.1','/cari/kasa/duzelt/2');
INSERT INTO "operation_log" VALUES(16,'2026-03-22 17:04:26.311973',2,'cuneytdemir','dokumanlar','kiralama_formu_yazdir_pdf','Kiralama',2,1,'Kiralama formu PDF üretildi: PF-2026_0002','127.0.0.1','/dokumanlar/yazdir/form/2');
INSERT INTO "operation_log" VALUES(17,'2026-03-22 20:20:42.146361',2,'cuneytdemir','kiralama','create','Kiralama',4,1,'Kiralama oluşturuldu: PF-2026/0004','127.0.0.1','/kiralama/ekle');
INSERT INTO "operation_log" VALUES(18,'2026-03-22 20:59:22.364774',2,'cuneytdemir','kiralama','update','Kiralama',4,1,'Kiralama güncellendi: PF-2026/0004','127.0.0.1','/kiralama/duzenle/4');
INSERT INTO "operation_log" VALUES(19,'2026-03-22 22:49:56.319466',2,'cuneytdemir','dokumanlar','kiralama_formu_yazdir_pdf','Kiralama',2,1,'Kiralama formu PDF üretildi: PF-2026_0002','127.0.0.1','/dokumanlar/yazdir/form/2');
INSERT INTO "operation_log" VALUES(20,'2026-03-23 06:22:40.148689',2,'cuneytdemir','kiralama','create','Kiralama',1,1,'Kiralama oluşturuldu: PF-2026/0045','127.0.0.1','/kiralama/ekle');
INSERT INTO "operation_log" VALUES(21,'2026-03-23 06:29:16.380733',2,'cuneytdemir','filo','update','Ekipman',5,1,'PM05 makine bilgileri güncellendi.','127.0.0.1','/filo/duzelt/5');
INSERT INTO "operation_log" VALUES(22,'2026-03-23 06:29:30.787782',2,'cuneytdemir','kiralama','delete','Kiralama',1,1,'Kiralama silindi (soft/hard): ID=1','127.0.0.1','/kiralama/sil/1');
INSERT INTO "operation_log" VALUES(23,'2026-03-23 06:30:15.281261',2,'cuneytdemir','kiralama','create','Kiralama',1,1,'Kiralama oluşturuldu: PF-2026/0045','127.0.0.1','/kiralama/ekle');
INSERT INTO "operation_log" VALUES(24,'2026-03-23 06:36:48.081728',2,'cuneytdemir','filo','update','Ekipman',5,1,'PM05 makine bilgileri güncellendi.','127.0.0.1','/filo/duzelt/5');
INSERT INTO "operation_log" VALUES(25,'2026-03-23 07:08:53.484064',2,'cuneytdemir','kiralama','create','Kiralama',1,1,'Kiralama oluşturuldu: PF-2026/0045','127.0.0.1','/kiralama/ekle');
INSERT INTO "operation_log" VALUES(26,'2026-03-23 07:09:41.104837',2,'cuneytdemir','dokumanlar','kiralama_formu_yazdir_pdf','Kiralama',1,1,'Kiralama formu PDF üretildi: PF-2026_0045','127.0.0.1','/dokumanlar/yazdir/form/1');
INSERT INTO "operation_log" VALUES(27,'2026-03-23 07:11:19.087469',2,'cuneytdemir','kiralama','sonlandir_kalem','KiralamaKalemi',1,1,'Kiralama kalemi sonlandırıldı: kalem_id=1','127.0.0.1','/kiralama/kalem/sonlandir');
INSERT INTO "operation_log" VALUES(28,'2026-03-23 07:12:03.798524',2,'cuneytdemir','kiralama','iptal_sonlandirma','KiralamaKalemi',1,1,'Kalem sonlandırma iptal edildi: kalem_id=1','127.0.0.1','/kiralama/kalem/iptal_et');
INSERT INTO "operation_log" VALUES(29,'2026-03-23 07:15:14.598717',2,'cuneytdemir','kiralama','sonlandir_kalem','KiralamaKalemi',1,1,'Kiralama kalemi sonlandırıldı: kalem_id=1','127.0.0.1','/kiralama/kalem/sonlandir');
INSERT INTO "operation_log" VALUES(30,'2026-03-23 07:15:26.304291',2,'cuneytdemir','kiralama','iptal_sonlandirma','KiralamaKalemi',1,1,'Kalem sonlandırma iptal edildi: kalem_id=1','127.0.0.1','/kiralama/kalem/iptal_et');
INSERT INTO "operation_log" VALUES(31,'2026-03-23 08:12:27.481308',2,'cuneytdemir','kiralama','create','Kiralama',2,1,'Kiralama oluşturuldu: PF-2026/0046','127.0.0.1','/kiralama/ekle');
INSERT INTO "operation_log" VALUES(32,'2026-03-23 08:12:52.453375',2,'cuneytdemir','kiralama','update','Kiralama',1,1,'Kiralama güncellendi: PF-2026/0045','127.0.0.1','/kiralama/duzenle/1');
INSERT INTO "operation_log" VALUES(33,'2026-03-23 08:50:34.631507',2,'cuneytdemir','kiralama','delete','Kiralama',2,1,'Kiralama silindi (soft/hard): ID=2','127.0.0.1','/kiralama/sil/2');
INSERT INTO "operation_log" VALUES(34,'2026-03-23 08:51:27.012756',2,'cuneytdemir','kiralama','create','Kiralama',2,1,'Kiralama oluşturuldu: PF-2026/0046','127.0.0.1','/kiralama/ekle');
INSERT INTO "operation_log" VALUES(35,'2026-03-23 08:52:32.766155',2,'cuneytdemir','kiralama','delete','Kiralama',2,1,'Kiralama silindi (soft/hard): ID=2','127.0.0.1','/kiralama/sil/2');
INSERT INTO "operation_log" VALUES(36,'2026-03-23 09:09:54.609121',2,'cuneytdemir','kiralama','create','Kiralama',2,1,'Kiralama oluşturuldu: PF-2026/0049','127.0.0.1','/kiralama/ekle');
INSERT INTO "operation_log" VALUES(37,'2026-03-23 09:13:59.389250',2,'cuneytdemir','kiralama','update','Kiralama',2,1,'Kiralama güncellendi: PF-2026/0049','127.0.0.1','/kiralama/duzenle/2');
INSERT INTO "operation_log" VALUES(38,'2026-03-23 09:25:39.184667',2,'cuneytdemir','kiralama','update','Kiralama',2,1,'Kiralama güncellendi: PF-2026/0049','127.0.0.1','/kiralama/duzenle/2');
INSERT INTO "operation_log" VALUES(39,'2026-03-23 09:28:21.878494',2,'cuneytdemir','dokumanlar','kiralama_formu_yazdir_pdf','Kiralama',2,1,'Kiralama formu PDF üretildi: PF-2026_0049','127.0.0.1','/dokumanlar/yazdir/form/2');
INSERT INTO "operation_log" VALUES(40,'2026-03-23 09:32:59.204540',2,'cuneytdemir','dokumanlar','kiralama_formu_yazdir_docx_fallback','Kiralama',2,0,'PDF üretilemedi, DOCX gönderildi: PF-2026_0049','127.0.0.1','/dokumanlar/yazdir/form/2');
INSERT INTO "operation_log" VALUES(41,'2026-03-23 09:33:07.769382',2,'cuneytdemir','dokumanlar','kiralama_formu_yazdir_hata','Kiralama',2,0,'Kiralama formu yazdırma hatası: [Errno 13] Permission denied: "C:\\Users\\cuney\\Drive''ım\\kiralama_projesi_v3\\app\\static\\arsiv\\Genel_Arsiv\\Formlar\\PF-2026_0049_Form.docx"','127.0.0.1','/dokumanlar/yazdir/form/2');
INSERT INTO "operation_log" VALUES(42,'2026-03-23 09:33:37.515112',2,'cuneytdemir','dokumanlar','kiralama_formu_yazdir_hata','Kiralama',2,0,'Kiralama formu yazdırma hatası: [Errno 13] Permission denied: "C:\\Users\\cuney\\Drive''ım\\kiralama_projesi_v3\\app\\static\\arsiv\\Genel_Arsiv\\Formlar\\PF-2026_0049_Form.docx"','127.0.0.1','/dokumanlar/yazdir/form/2');
INSERT INTO "operation_log" VALUES(43,'2026-03-23 09:34:26.488575',2,'cuneytdemir','dokumanlar','kiralama_formu_yazdir_pdf','Kiralama',2,1,'Kiralama formu PDF üretildi: PF-2026_0049','127.0.0.1','/dokumanlar/yazdir/form/2');
INSERT INTO "operation_log" VALUES(44,'2026-03-23 10:46:48.003359',2,'cuneytdemir','dokumanlar','kiralama_formu_yazdir_pdf','Kiralama',2,1,'Kiralama formu PDF üretildi: PF-2026_0049','127.0.0.1','/dokumanlar/yazdir/form/2');
INSERT INTO "operation_log" VALUES(45,'2026-03-23 10:55:29.942339',2,'cuneytdemir','kiralama','create','Kiralama',3,1,'Kiralama oluşturuldu: PF-2026/0050','127.0.0.1','/kiralama/ekle');
INSERT INTO "operation_log" VALUES(46,'2026-03-23 10:55:47.135141',2,'cuneytdemir','dokumanlar','kiralama_formu_yazdir_pdf','Kiralama',3,1,'Kiralama formu PDF üretildi: PF-2026_0050','127.0.0.1','/dokumanlar/yazdir/form/3');
INSERT INTO "operation_log" VALUES(47,'2026-03-23 15:56:29.682289',2,'cuneytdemir','cari','kasa_ekle','Kasa',3,1,'Cenk Yücel kasası oluşturuldu.','127.0.0.1','/cari/kasa/ekle');
INSERT INTO "operation_log" VALUES(48,'2026-03-23 15:57:00.305842',2,'cuneytdemir','cari','kasa_ekle','Kasa',4,1,'Cüneyt Demir kasası oluşturuldu.','127.0.0.1','/cari/kasa/ekle');
INSERT INTO "operation_log" VALUES(49,'2026-03-23 15:57:57.915364',2,'cuneytdemir','cari','odeme_ekle','Odeme',1,1,'TAHSILAT 16000.00 - ','127.0.0.1','/cari/odeme/ekle');
INSERT INTO "operation_log" VALUES(50,'2026-03-23 16:00:14.402009',2,'cuneytdemir','cari','kasa_duzelt','Kasa',4,1,'Kasa #4 (Cüneyt Demir) güncellendi.','127.0.0.1','/cari/kasa/duzelt/4');
INSERT INTO "operation_log" VALUES(51,'2026-03-23 16:15:16.330904',2,'cuneytdemir','nakliyeler','create','Nakliye',6,1,'Nakliye seferi eklendi (#6).','127.0.0.1','/nakliyeler/ekle');
INSERT INTO "operation_log" VALUES(52,'2026-03-23 16:19:33.902127',2,'cuneytdemir','nakliyeler','update','Nakliye',6,1,'Nakliye #6 güncellendi.','127.0.0.1','/nakliyeler/duzenle/6');
INSERT INTO "operation_log" VALUES(53,'2026-03-24 16:06:33.083818',2,'cuneytdemir','kiralama','create','Kiralama',4,1,'Kiralama oluşturuldu: PF-2026/0051','127.0.0.1','/kiralama/ekle');
INSERT INTO "operation_log" VALUES(54,'2026-03-24 16:07:02.056757',2,'cuneytdemir','kiralama','update','Kiralama',4,1,'Kiralama güncellendi: PF-2026/0051','127.0.0.1','/kiralama/duzenle/4');
INSERT INTO "operation_log" VALUES(55,'2026-03-24 16:07:27.542736',2,'cuneytdemir','kiralama','sonlandir_kalem','KiralamaKalemi',4,1,'Kiralama kalemi sonlandırıldı: kalem_id=4','127.0.0.1','/kiralama/kalem/sonlandir');
INSERT INTO "operation_log" VALUES(56,'2026-03-24 16:08:04.454097',2,'cuneytdemir','kiralama','update','Kiralama',1,1,'Kiralama güncellendi: PF-2026/0045','127.0.0.1','/kiralama/duzenle/1');
INSERT INTO "operation_log" VALUES(57,'2026-03-24 16:10:05.147356',2,'cuneytdemir','kiralama','update','Kiralama',2,1,'Kiralama güncellendi: PF-2026/0049','127.0.0.1','/kiralama/duzenle/2');
INSERT INTO "operation_log" VALUES(58,'2026-03-24 16:15:47.571108',2,'cuneytdemir','nakliyeler','create','Nakliye',11,1,'Nakliye seferi eklendi (#11).','127.0.0.1','/nakliyeler/ekle');
INSERT INTO "operation_log" VALUES(59,'2026-03-24 20:27:11.300310',2,'cuneytdemir','dokumanlar','kiralama_formu_yazdir_docx_fallback','Kiralama',4,0,'PDF üretilemedi, DOCX gönderildi: PF-2026_0051','127.0.0.1','/dokumanlar/yazdir/form/4');
INSERT INTO "operation_log" VALUES(60,'2026-03-24 20:27:12.328308',2,'cuneytdemir','dokumanlar','kiralama_formu_yazdir_docx_fallback','Kiralama',4,0,'PDF üretilemedi, DOCX gönderildi: PF-2026_0051','127.0.0.1','/dokumanlar/yazdir/form/4');
INSERT INTO "operation_log" VALUES(61,'2026-03-24 20:38:26.594606',2,'cuneytdemir','dokumanlar','kiralama_formu_yazdir_docx_fallback','Kiralama',4,0,'PDF üretilemedi, DOCX gönderildi: PF-2026_0051','127.0.0.1','/dokumanlar/yazdir/form/4');
INSERT INTO "operation_log" VALUES(62,'2026-03-24 20:38:27.619280',2,'cuneytdemir','dokumanlar','kiralama_formu_yazdir_docx_fallback','Kiralama',4,0,'PDF üretilemedi, DOCX gönderildi: PF-2026_0051','127.0.0.1','/dokumanlar/yazdir/form/4');
INSERT INTO "operation_log" VALUES(63,'2026-03-24 20:46:00.041803',2,'cuneytdemir','dokumanlar','kiralama_formu_yazdir_docx_fallback','Kiralama',4,0,'PDF üretilemedi, DOCX gönderildi: PF-2026_0051','127.0.0.1','/dokumanlar/yazdir/form/4');
INSERT INTO "operation_log" VALUES(64,'2026-03-24 20:46:01.598569',2,'cuneytdemir','dokumanlar','kiralama_formu_yazdir_docx_fallback','Kiralama',4,0,'PDF üretilemedi, DOCX gönderildi: PF-2026_0051','127.0.0.1','/dokumanlar/yazdir/form/4');
INSERT INTO "operation_log" VALUES(65,'2026-03-24 20:55:04.074260',2,'cuneytdemir','dokumanlar','kiralama_formu_yazdir_docx_fallback','Kiralama',4,0,'PDF üretilemedi, DOCX gönderildi: PF-2026_0051','127.0.0.1','/dokumanlar/yazdir/form/4');
INSERT INTO "operation_log" VALUES(66,'2026-03-24 20:55:05.480332',2,'cuneytdemir','dokumanlar','kiralama_formu_yazdir_docx_fallback','Kiralama',4,0,'PDF üretilemedi, DOCX gönderildi: PF-2026_0051','127.0.0.1','/dokumanlar/yazdir/form/4');
INSERT INTO "operation_log" VALUES(67,'2026-03-24 20:55:13.634566',2,'cuneytdemir','dokumanlar','kiralama_formu_yazdir_docx_fallback','Kiralama',4,0,'PDF üretilemedi, DOCX gönderildi: PF-2026_0051','127.0.0.1','/dokumanlar/yazdir/form/4');
INSERT INTO "operation_log" VALUES(68,'2026-03-24 20:55:14.417451',2,'cuneytdemir','dokumanlar','kiralama_formu_yazdir_docx_fallback','Kiralama',4,0,'PDF üretilemedi, DOCX gönderildi: PF-2026_0051','127.0.0.1','/dokumanlar/yazdir/form/4');
INSERT INTO "operation_log" VALUES(69,'2026-03-24 22:27:14.575318',2,'cuneytdemir','dokumanlar','kiralama_formu_yazdir_docx_fallback','Kiralama',4,0,'PDF üretilemedi, DOCX gönderildi: PF-2026_0051','127.0.0.1','/dokumanlar/yazdir/form/4');
INSERT INTO "operation_log" VALUES(70,'2026-03-24 22:27:15.718398',2,'cuneytdemir','dokumanlar','kiralama_formu_yazdir_docx_fallback','Kiralama',4,0,'PDF üretilemedi, DOCX gönderildi: PF-2026_0051','127.0.0.1','/dokumanlar/yazdir/form/4');
INSERT INTO "operation_log" VALUES(71,'2026-03-24 22:29:51.145752',2,'cuneytdemir','dokumanlar','kiralama_formu_yazdir_docx_fallback','Kiralama',4,0,'PDF üretilemedi, DOCX gönderildi: PF-2026_0051','127.0.0.1','/dokumanlar/yazdir/form/4');
INSERT INTO "operation_log" VALUES(72,'2026-03-24 22:30:03.532529',2,'cuneytdemir','dokumanlar','kiralama_formu_yazdir_docx_fallback','Kiralama',4,0,'PDF üretilemedi, DOCX gönderildi: PF-2026_0051','127.0.0.1','/dokumanlar/yazdir/form/4');
INSERT INTO "operation_log" VALUES(73,'2026-03-24 22:37:58.573754',2,'cuneytdemir','dokumanlar','kiralama_formu_yazdir_pdf','Kiralama',4,1,'Kiralama formu PDF üretildi: PF-2026_0051','127.0.0.1','/dokumanlar/yazdir/form/4');
INSERT INTO "operation_log" VALUES(74,'2026-03-25 03:56:46.234766',2,'cuneytdemir','dokumanlar','kiralama_formu_yazdir_pdf','Kiralama',4,1,'Kiralama formu PDF üretildi: PF-2026_0051','127.0.0.1','/dokumanlar/yazdir/form/4');
INSERT INTO "operation_log" VALUES(75,'2026-03-25 05:08:08.611755',3,'sedademir','kiralama','create','Kiralama',5,1,'Kiralama oluşturuldu: PF-2026/0052','127.0.0.1','/kiralama/ekle');
INSERT INTO "operation_log" VALUES(76,'2026-03-25 05:08:18.584349',3,'sedademir','dokumanlar','kiralama_formu_yazdir_pdf','Kiralama',5,1,'Kiralama formu PDF üretildi: PF-2026_0052','127.0.0.1','/dokumanlar/yazdir/form/5');
INSERT INTO "operation_log" VALUES(77,'2026-03-25 05:14:42.785440',2,'cuneytdemir','dokumanlar','kiralama_formu_yazdir_pdf','Kiralama',5,1,'Kiralama formu PDF üretildi: PF-2026_0052','127.0.0.1','/dokumanlar/yazdir/form/5');
INSERT INTO "operation_log" VALUES(78,'2026-03-25 05:18:36.790539',2,'cuneytdemir','dokumanlar','kiralama_formu_yazdir_pdf','Kiralama',5,1,'Kiralama formu PDF üretildi: PF-2026_0052','127.0.0.1','/dokumanlar/yazdir/form/5');
INSERT INTO "operation_log" VALUES(79,'2026-03-25 05:19:12.870594',3,'sedademir','dokumanlar','kiralama_formu_yazdir_pdf','Kiralama',5,1,'Kiralama formu PDF üretildi: PF-2026_0052','127.0.0.1','/dokumanlar/yazdir/form/5');
INSERT INTO "operation_log" VALUES(80,'2026-03-25 05:46:21.931266',2,'cuneytdemir','filo','sube_transfer','Ekipman',17,1,'Makine #17 şube transferi yapıldı (şube: 2).','127.0.0.1','/filo/sube_degistir/17');
INSERT INTO "operation_log" VALUES(81,'2026-03-25 05:47:06.586079',2,'cuneytdemir','filo','sube_transfer','Ekipman',22,1,'Makine #22 şube transferi yapıldı (şube: 2).','127.0.0.1','/filo/sube_degistir/22');
INSERT INTO "operation_log" VALUES(82,'2026-03-25 05:48:06.213704',2,'cuneytdemir','filo','sube_transfer','Ekipman',30,1,'Makine #30 şube transferi yapıldı (şube: 1).','127.0.0.1','/filo/sube_degistir/30');
INSERT INTO "operation_log" VALUES(83,'2026-03-25 06:31:26.801029',2,'cuneytdemir','nakliyeler','create','Nakliye',13,1,'Nakliye seferi eklendi (#13).','127.0.0.1','/nakliyeler/ekle');
INSERT INTO "operation_log" VALUES(84,'2026-03-25 07:17:44.993670',3,'sedademir','kiralama','update','Kiralama',5,1,'Kiralama güncellendi: PF-2026/0052','127.0.0.1','/kiralama/duzenle/5');
INSERT INTO "operation_log" VALUES(85,'2026-03-25 08:13:56.305794',3,'sedademir','kiralama','create','Kiralama',6,1,'Kiralama oluşturuldu: PF-2026/0053','127.0.0.1','/kiralama/ekle');
INSERT INTO "operation_log" VALUES(86,'2026-03-25 08:14:26.566982',3,'sedademir','dokumanlar','kiralama_formu_yazdir_pdf','Kiralama',6,1,'Kiralama formu PDF üretildi: PF-2026_0053','127.0.0.1','/dokumanlar/yazdir/form/6');
INSERT INTO "operation_log" VALUES(87,'2026-03-25 08:17:33.677933',3,'sedademir','dokumanlar','kiralama_formu_yazdir_pdf','Kiralama',6,1,'Kiralama formu PDF üretildi: PF-2026_0053','127.0.0.1','/dokumanlar/yazdir/form/6');
INSERT INTO "operation_log" VALUES(88,'2026-03-25 14:42:43.317815',2,'cuneytdemir','nakliyeler','create','Nakliye',16,1,'Nakliye seferi eklendi (#16).','127.0.0.1','/nakliyeler/ekle');
INSERT INTO "operation_log" VALUES(89,'2026-03-25 14:51:06.253881',2,'cuneytdemir','kiralama','create','Kiralama',7,1,'Kiralama oluşturuldu: PF-2026/0054','127.0.0.1','/kiralama/ekle');
INSERT INTO "operation_log" VALUES(90,'2026-03-25 17:56:42.404448',3,'sedademir','kiralama','sonlandir_kalem','KiralamaKalemi',5,1,'Kiralama kalemi sonlandırıldı: kalem_id=5','127.0.0.1','/kiralama/kalem/sonlandir');
INSERT INTO "operation_log" VALUES(91,'2026-03-26 08:05:14.262104',3,'sedademir','kiralama','create','Kiralama',8,1,'Kiralama oluşturuldu: PF-2025/0221','127.0.0.1','/kiralama/ekle');
INSERT INTO "operation_log" VALUES(92,'2026-03-26 08:06:02.277915',3,'sedademir','dokumanlar','kiralama_formu_yazdir_pdf','Kiralama',8,1,'Kiralama formu PDF üretildi: PF-2025_0221','127.0.0.1','/dokumanlar/yazdir/form/8');
INSERT INTO "operation_log" VALUES(93,'2026-03-26 08:17:13.994363',3,'sedademir','kiralama','create','Kiralama',9,1,'Kiralama oluşturuldu: PF-2026/0029-1','127.0.0.1','/kiralama/ekle');
INSERT INTO "operation_log" VALUES(94,'2026-03-26 08:19:52.126192',3,'sedademir','kiralama','sonlandir_kalem','KiralamaKalemi',10,1,'Kiralama kalemi sonlandırıldı: kalem_id=10','127.0.0.1','/kiralama/kalem/sonlandir');
INSERT INTO "operation_log" VALUES(95,'2026-03-26 08:20:00.102417',3,'sedademir','kiralama','iptal_sonlandirma','KiralamaKalemi',10,1,'Kalem sonlandırma iptal edildi: kalem_id=10','127.0.0.1','/kiralama/kalem/iptal_et');
INSERT INTO "operation_log" VALUES(96,'2026-03-26 08:20:24.199743',3,'sedademir','kiralama','sonlandir_kalem','KiralamaKalemi',10,1,'Kiralama kalemi sonlandırıldı: kalem_id=10','127.0.0.1','/kiralama/kalem/sonlandir');
INSERT INTO "operation_log" VALUES(97,'2026-03-26 08:26:18.181753',3,'sedademir','kiralama','create','Kiralama',10,1,'Kiralama oluşturuldu: PF-2025/0233','127.0.0.1','/kiralama/ekle');
INSERT INTO "operation_log" VALUES(98,'2026-03-26 08:26:41.840771',3,'sedademir','kiralama','sonlandir_kalem','KiralamaKalemi',11,1,'Kiralama kalemi sonlandırıldı: kalem_id=11','127.0.0.1','/kiralama/kalem/sonlandir');
INSERT INTO "operation_log" VALUES(99,'2026-03-26 08:32:03.627642',3,'sedademir','kiralama','create','Kiralama',11,1,'Kiralama oluşturuldu: PF-2025/0241','127.0.0.1','/kiralama/ekle');
INSERT INTO "operation_log" VALUES(100,'2026-03-26 08:32:43.792129',3,'sedademir','kiralama','sonlandir_kalem','KiralamaKalemi',12,1,'Kiralama kalemi sonlandırıldı: kalem_id=12','127.0.0.1','/kiralama/kalem/sonlandir');
INSERT INTO "operation_log" VALUES(101,'2026-03-26 08:33:05.108555',3,'sedademir','kiralama','sonlandir_kalem','KiralamaKalemi',13,1,'Kiralama kalemi sonlandırıldı: kalem_id=13','127.0.0.1','/kiralama/kalem/sonlandir');
INSERT INTO "operation_log" VALUES(102,'2026-03-26 08:57:12.530978',3,'sedademir','kiralama','create','Kiralama',12,1,'Kiralama oluşturuldu: PF-2026/0007-1','127.0.0.1','/kiralama/ekle');
INSERT INTO "operation_log" VALUES(103,'2026-03-26 08:57:27.018969',3,'sedademir','kiralama','sonlandir_kalem','KiralamaKalemi',14,1,'Kiralama kalemi sonlandırıldı: kalem_id=14','127.0.0.1','/kiralama/kalem/sonlandir');
INSERT INTO "operation_log" VALUES(104,'2026-03-26 08:57:42.288064',3,'sedademir','kiralama','sonlandir_kalem','KiralamaKalemi',15,1,'Kiralama kalemi sonlandırıldı: kalem_id=15','127.0.0.1','/kiralama/kalem/sonlandir');
INSERT INTO "operation_log" VALUES(105,'2026-03-26 09:00:00.840120',3,'sedademir','kiralama','create','Kiralama',13,1,'Kiralama oluşturuldu: PF-2026/0023','127.0.0.1','/kiralama/ekle');
INSERT INTO "operation_log" VALUES(106,'2026-03-26 09:00:18.124486',3,'sedademir','kiralama','sonlandir_kalem','KiralamaKalemi',16,1,'Kiralama kalemi sonlandırıldı: kalem_id=16','127.0.0.1','/kiralama/kalem/sonlandir');
INSERT INTO "operation_log" VALUES(107,'2026-03-26 09:00:37.641430',3,'sedademir','kiralama','iptal_sonlandirma','KiralamaKalemi',16,1,'Kalem sonlandırma iptal edildi: kalem_id=16','127.0.0.1','/kiralama/kalem/iptal_et');
INSERT INTO "operation_log" VALUES(108,'2026-03-26 09:00:50.650229',3,'sedademir','kiralama','sonlandir_kalem','KiralamaKalemi',16,1,'Kiralama kalemi sonlandırıldı: kalem_id=16','127.0.0.1','/kiralama/kalem/sonlandir');
INSERT INTO "operation_log" VALUES(109,'2026-03-26 09:01:36.023742',3,'sedademir','kiralama','create','Kiralama',14,1,'Kiralama oluşturuldu: PF-2026/0027-1','127.0.0.1','/kiralama/ekle');
INSERT INTO "operation_log" VALUES(110,'2026-03-26 09:01:49.850946',3,'sedademir','kiralama','sonlandir_kalem','KiralamaKalemi',17,1,'Kiralama kalemi sonlandırıldı: kalem_id=17','127.0.0.1','/kiralama/kalem/sonlandir');
INSERT INTO "operation_log" VALUES(111,'2026-03-26 09:01:51.766332',3,'sedademir','kiralama','sonlandir_kalem','KiralamaKalemi',17,1,'Kiralama kalemi sonlandırıldı: kalem_id=17','127.0.0.1','/kiralama/kalem/sonlandir');
INSERT INTO "operation_log" VALUES(112,'2026-03-26 09:03:16.239978',3,'sedademir','kiralama','create','Kiralama',15,1,'Kiralama oluşturuldu: PF-2026/0029','127.0.0.1','/kiralama/ekle');
INSERT INTO "operation_log" VALUES(113,'2026-03-26 09:03:46.653061',3,'sedademir','kiralama','sonlandir_kalem','KiralamaKalemi',18,1,'Kiralama kalemi sonlandırıldı: kalem_id=18','127.0.0.1','/kiralama/kalem/sonlandir');
INSERT INTO "operation_log" VALUES(114,'2026-03-26 09:05:28.405967',3,'sedademir','kiralama','create','Kiralama',16,1,'Kiralama oluşturuldu: PF-2026/0020','127.0.0.1','/kiralama/ekle');
INSERT INTO "operation_log" VALUES(115,'2026-03-26 09:14:30.873232',3,'sedademir','kiralama','create','Kiralama',17,1,'Kiralama oluşturuldu: PF-2026/0026','127.0.0.1','/kiralama/ekle');
INSERT INTO "operation_log" VALUES(116,'2026-03-26 09:20:34.402893',3,'sedademir','kiralama','sonlandir_kalem','KiralamaKalemi',21,1,'Kiralama kalemi sonlandırıldı: kalem_id=21','127.0.0.1','/kiralama/kalem/sonlandir');
INSERT INTO "operation_log" VALUES(117,'2026-03-26 09:25:12.598197',3,'sedademir','kiralama','sonlandir_kalem','KiralamaKalemi',3,1,'Kiralama kalemi sonlandırıldı: kalem_id=3','127.0.0.1','/kiralama/kalem/sonlandir');
INSERT INTO "operation_log" VALUES(118,'2026-03-26 09:26:14.713691',3,'sedademir','kiralama','create','Kiralama',18,1,'Kiralama oluşturuldu: PF-2026/0048','127.0.0.1','/kiralama/ekle');
INSERT INTO "operation_log" VALUES(119,'2026-03-26 09:26:31.829455',3,'sedademir','kiralama','sonlandir_kalem','KiralamaKalemi',22,1,'Kiralama kalemi sonlandırıldı: kalem_id=22','127.0.0.1','/kiralama/kalem/sonlandir');
INSERT INTO "operation_log" VALUES(120,'2026-03-26 09:28:40.877441',3,'sedademir','kiralama','iptal_sonlandirma','KiralamaKalemi',3,1,'Kalem sonlandırma iptal edildi: kalem_id=3','127.0.0.1','/kiralama/kalem/iptal_et');
INSERT INTO "operation_log" VALUES(121,'2026-03-26 09:29:13.458070',3,'sedademir','kiralama','update','Kiralama',3,1,'Kiralama güncellendi: PF-2026/0050','127.0.0.1','/kiralama/duzenle/3');
INSERT INTO "operation_log" VALUES(122,'2026-03-26 09:33:50.283349',3,'sedademir','cari','hizmet_ekle','HizmetKaydi',35,1,'Hizmet/Fatura kaydı eklendi: SERVİS - TOPKAPI','127.0.0.1','/cari/hizmet/ekle');
INSERT INTO "operation_log" VALUES(123,'2026-03-26 09:35:01.374073',3,'sedademir','cari','hizmet_ekle','HizmetKaydi',36,1,'Hizmet/Fatura kaydı eklendi: SERVİS BEDELİ','127.0.0.1','/cari/hizmet/ekle');
INSERT INTO "operation_log" VALUES(124,'2026-03-26 09:38:36.456251',3,'sedademir','cari','odeme_ekle','Odeme',2,1,'TAHSILAT 40000.00 - KREDİ KARTI İLE TAHSİLAT','127.0.0.1','/cari/odeme/ekle');
INSERT INTO "operation_log" VALUES(125,'2026-03-26 09:39:17.687407',3,'sedademir','cari','kasa_ekle','Kasa',5,1,'ZİRAAT KATILIM BANKASI kasası oluşturuldu.','127.0.0.1','/cari/kasa/ekle');
INSERT INTO "operation_log" VALUES(126,'2026-03-26 09:41:14.590063',3,'sedademir','cari','odeme_ekle','Odeme',3,1,'TAHSILAT 50000.00 - ALTUNBEY YAPI MÜŞTERİ ÇEKİ','127.0.0.1','/cari/odeme/ekle');
INSERT INTO "operation_log" VALUES(127,'2026-03-26 09:46:02.093728',3,'sedademir','kiralama','iptal_sonlandirma','KiralamaKalemi',21,1,'Kalem sonlandırma iptal edildi: kalem_id=21','127.0.0.1','/kiralama/kalem/iptal_et');
INSERT INTO "operation_log" VALUES(128,'2026-03-26 09:47:06.425404',3,'sedademir','kiralama','update','Kiralama',17,1,'Kiralama güncellendi: PF-2026/0026','127.0.0.1','/kiralama/duzenle/17');
INSERT INTO "operation_log" VALUES(129,'2026-03-26 09:48:21.717906',3,'sedademir','kiralama','update','Kiralama',17,1,'Kiralama güncellendi: PF-2026/0026','127.0.0.1','/kiralama/duzenle/17');
INSERT INTO "operation_log" VALUES(130,'2026-03-26 09:48:37.655189',3,'sedademir','kiralama','sonlandir_kalem','KiralamaKalemi',20,1,'Kiralama kalemi sonlandırıldı: kalem_id=20','127.0.0.1','/kiralama/kalem/sonlandir');
INSERT INTO "operation_log" VALUES(131,'2026-03-26 09:48:55.935587',3,'sedademir','kiralama','sonlandir_kalem','KiralamaKalemi',23,1,'Kiralama kalemi sonlandırıldı: kalem_id=23','127.0.0.1','/kiralama/kalem/sonlandir');
INSERT INTO "operation_log" VALUES(132,'2026-03-26 11:00:07.555451',3,'sedademir','cari','hizmet_duzelt','HizmetKaydi',36,1,'Hizmet/Fatura #36 güncellendi.','127.0.0.1','/cari/hizmet/duzelt/36');
INSERT INTO "operation_log" VALUES(133,'2026-03-26 11:00:44.840318',3,'sedademir','cari','hizmet_duzelt','HizmetKaydi',35,1,'Hizmet/Fatura #35 güncellendi.','127.0.0.1','/cari/hizmet/duzelt/35');
INSERT INTO "operation_log" VALUES(134,'2026-03-26 11:10:12.121747',3,'sedademir','cari','odeme_sil','Odeme',2,1,'Ödeme #2 silindi.','127.0.0.1','/cari/odeme/sil/2');
INSERT INTO "operation_log" VALUES(135,'2026-03-26 11:10:17.623911',3,'sedademir','cari','odeme_sil','Odeme',3,1,'Ödeme #3 silindi.','127.0.0.1','/cari/odeme/sil/3');
INSERT INTO "operation_log" VALUES(136,'2026-03-26 11:14:50.257563',3,'sedademir','filo','update','Ekipman',40,1,'PM40 makine bilgileri güncellendi.','127.0.0.1','/filo/duzelt/40');
INSERT INTO "operation_log" VALUES(137,'2026-03-26 11:16:02.523625',3,'sedademir','filo','update','Ekipman',28,1,'PM28 makine bilgileri güncellendi.','127.0.0.1','/filo/duzelt/28');
INSERT INTO "operation_log" VALUES(138,'2026-03-26 14:28:53.134670',3,'sedademir','kiralama','create','Kiralama',19,1,'Kiralama oluşturuldu: PF-2026/0055','127.0.0.1','/kiralama/ekle');
INSERT INTO "operation_log" VALUES(139,'2026-03-26 14:29:00.373528',3,'sedademir','dokumanlar','kiralama_formu_yazdir_pdf','Kiralama',19,1,'Kiralama formu PDF üretildi: PF-2026_0055','127.0.0.1','/dokumanlar/yazdir/form/19');
INSERT INTO "operation_log" VALUES(140,'2026-03-26 14:29:45.081619',3,'sedademir','kiralama','update','Kiralama',19,1,'Kiralama güncellendi: PF-2026/0055','127.0.0.1','/kiralama/duzenle/19');
INSERT INTO "operation_log" VALUES(141,'2026-03-26 14:30:48.282807',3,'sedademir','dokumanlar','kiralama_formu_yazdir_pdf','Kiralama',19,1,'Kiralama formu PDF üretildi: PF-2026_0055','127.0.0.1','/dokumanlar/yazdir/form/19');
INSERT INTO "operation_log" VALUES(142,'2026-03-26 14:31:59.022646',3,'sedademir','kiralama','update','Kiralama',19,1,'Kiralama güncellendi: PF-2026/0055','127.0.0.1','/kiralama/duzenle/19');
INSERT INTO "operation_log" VALUES(143,'2026-03-26 14:32:05.327911',3,'sedademir','dokumanlar','kiralama_formu_yazdir_pdf','Kiralama',19,1,'Kiralama formu PDF üretildi: PF-2026_0055','127.0.0.1','/dokumanlar/yazdir/form/19');
INSERT INTO "operation_log" VALUES(144,'2026-03-26 14:35:43.600858',3,'sedademir','dokumanlar','kiralama_formu_yazdir_pdf','Kiralama',19,1,'Kiralama formu PDF üretildi: PF-2026_0055','127.0.0.1','/dokumanlar/yazdir/form/19');
INSERT INTO "operation_log" VALUES(145,'2026-03-26 14:38:02.197847',3,'sedademir','dokumanlar','kiralama_formu_yazdir_pdf','Kiralama',19,1,'Kiralama formu PDF üretildi: PF-2026_0055','127.0.0.1','/dokumanlar/yazdir/form/19');
INSERT INTO "operation_log" VALUES(146,'2026-03-26 14:39:57.098645',3,'sedademir','kiralama','update','Kiralama',19,1,'Kiralama güncellendi: PF-2026/0055','127.0.0.1','/kiralama/duzenle/19');
INSERT INTO "operation_log" VALUES(147,'2026-03-26 14:40:17.163347',3,'sedademir','dokumanlar','kiralama_formu_yazdir_pdf','Kiralama',19,1,'Kiralama formu PDF üretildi: PF-2026_0055','127.0.0.1','/dokumanlar/yazdir/form/19');
INSERT INTO "operation_log" VALUES(148,'2026-03-26 20:29:04.058795',2,'cuneytdemir','nakliyeler','create','Nakliye',28,1,'Nakliye seferi eklendi (#28).','127.0.0.1','/nakliyeler/ekle');
INSERT INTO "operation_log" VALUES(149,'2026-03-27 07:48:18.655627',3,'sedademir','nakliyeler','create','Nakliye',29,1,'Nakliye seferi eklendi (#29).','127.0.0.1','/nakliyeler/ekle');
INSERT INTO "operation_log" VALUES(150,'2026-03-28 06:03:24.288270',2,'cuneytdemir','kiralama','create','Kiralama',20,1,'Kiralama oluşturuldu: PF-2026/0056','127.0.0.1','/kiralama/ekle');
INSERT INTO "operation_log" VALUES(151,'2026-03-28 06:04:20.573842',2,'cuneytdemir','dokumanlar','kiralama_formu_yazdir_pdf','Kiralama',20,1,'Kiralama formu PDF üretildi: PF-2026_0056','127.0.0.1','/dokumanlar/yazdir/form/20');
INSERT INTO "operation_log" VALUES(152,'2026-03-29 08:37:31.056416',2,'cuneytdemir','kiralama','create','Kiralama',21,1,'Kiralama oluşturuldu: PF-2026/0057','127.0.0.1','/kiralama/ekle');
INSERT INTO "operation_log" VALUES(153,'2026-03-29 08:38:36.798810',2,'cuneytdemir','dokumanlar','kiralama_formu_yazdir_pdf','Kiralama',21,1,'Kiralama formu PDF üretildi: PF-2026_0057','127.0.0.1','/dokumanlar/yazdir/form/21');
INSERT INTO "operation_log" VALUES(154,'2026-03-30 05:08:40.226797',3,'sedademir','kiralama','create','Kiralama',22,1,'Kiralama oluşturuldu: PF-2026/0010','127.0.0.1','/kiralama/ekle');
INSERT INTO "operation_log" VALUES(155,'2026-03-30 05:08:47.521583',3,'sedademir','dokumanlar','kiralama_formu_yazdir_pdf','Kiralama',22,1,'Kiralama formu PDF üretildi: PF-2026_0010','127.0.0.1','/dokumanlar/yazdir/form/22');
INSERT INTO "operation_log" VALUES(156,'2026-03-30 05:09:48.240840',3,'sedademir','kiralama','delete','Kiralama',22,1,'Kiralama silindi (soft/hard): ID=22','127.0.0.1','/kiralama/sil/22');
INSERT INTO "operation_log" VALUES(157,'2026-03-30 05:11:56.907831',3,'sedademir','kiralama','create','Kiralama',22,1,'Kiralama oluşturuldu: PF-2026/0058','127.0.0.1','/kiralama/ekle');
INSERT INTO "operation_log" VALUES(158,'2026-03-30 05:12:05.352389',3,'sedademir','dokumanlar','kiralama_formu_yazdir_pdf','Kiralama',22,1,'Kiralama formu PDF üretildi: PF-2026_0058','127.0.0.1','/dokumanlar/yazdir/form/22');
INSERT INTO "operation_log" VALUES(159,'2026-03-30 05:13:25.928057',3,'sedademir','dokumanlar','kiralama_formu_yazdir_pdf','Kiralama',22,1,'Kiralama formu PDF üretildi: PF-2026_0058','127.0.0.1','/dokumanlar/yazdir/form/22');
INSERT INTO "operation_log" VALUES(160,'2026-03-30 05:40:58.633916',3,'sedademir','kiralama','create','Kiralama',23,1,'Kiralama oluşturuldu: PF-2026/0059','127.0.0.1','/kiralama/ekle');
INSERT INTO "operation_log" VALUES(161,'2026-03-30 05:41:46.742553',3,'sedademir','kiralama','update','Kiralama',23,1,'Kiralama güncellendi: PF-2026/0059','127.0.0.1','/kiralama/duzenle/23');
INSERT INTO "operation_log" VALUES(162,'2026-03-30 05:41:51.839949',3,'sedademir','dokumanlar','kiralama_formu_yazdir_pdf','Kiralama',23,1,'Kiralama formu PDF üretildi: PF-2026_0059','127.0.0.1','/dokumanlar/yazdir/form/23');
INSERT INTO "operation_log" VALUES(163,'2026-03-30 05:47:48.362189',3,'sedademir','kiralama','update','Kiralama',23,1,'Kiralama güncellendi: PF-2026/0059','127.0.0.1','/kiralama/duzenle/23');
INSERT INTO "operation_log" VALUES(164,'2026-03-30 05:47:53.422043',3,'sedademir','dokumanlar','kiralama_formu_yazdir_pdf','Kiralama',23,1,'Kiralama formu PDF üretildi: PF-2026_0059','127.0.0.1','/dokumanlar/yazdir/form/23');
INSERT INTO "operation_log" VALUES(165,'2026-03-30 08:53:22.198846',3,'sedademir','kiralama','sonlandir_kalem','KiralamaKalemi',27,1,'Kiralama kalemi sonlandırıldı: kalem_id=27','127.0.0.1','/kiralama/kalem/sonlandir');
INSERT INTO "operation_log" VALUES(166,'2026-03-30 08:54:23.527718',3,'sedademir','cari','odeme_ekle','Odeme',4,1,'TAHSILAT 5000.00 - ','127.0.0.1','/cari/odeme/ekle');
INSERT INTO "operation_log" VALUES(167,'2026-03-30 10:01:35.592250',3,'sedademir','nakliyeler','create','Nakliye',35,1,'Nakliye seferi eklendi (#35).','127.0.0.1','/nakliyeler/ekle');
INSERT INTO "operation_log" VALUES(168,'2026-03-30 12:09:37.693950',3,'sedademir','nakliyeler','create','Nakliye',36,1,'Nakliye seferi eklendi (#36).','127.0.0.1','/nakliyeler/ekle');
INSERT INTO "operation_log" VALUES(169,'2026-03-30 12:11:53.340867',3,'sedademir','nakliyeler','create','Nakliye',37,1,'Nakliye seferi eklendi (#37).','127.0.0.1','/nakliyeler/ekle');
INSERT INTO "operation_log" VALUES(170,'2026-03-30 12:17:05.651286',3,'sedademir','nakliyeler','create','Nakliye',38,1,'Nakliye seferi eklendi (#38).','127.0.0.1','/nakliyeler/ekle');
INSERT INTO "operation_log" VALUES(171,'2026-03-30 12:21:15.849180',3,'sedademir','nakliyeler','create','Nakliye',39,1,'Nakliye seferi eklendi (#39).','127.0.0.1','/nakliyeler/ekle');
INSERT INTO "operation_log" VALUES(172,'2026-03-30 12:24:01.075890',3,'sedademir','nakliyeler','create','Nakliye',40,1,'Nakliye seferi eklendi (#40).','127.0.0.1','/nakliyeler/ekle');
INSERT INTO "operation_log" VALUES(173,'2026-03-30 12:25:15.193685',3,'sedademir','nakliyeler','create','Nakliye',41,1,'Nakliye seferi eklendi (#41).','127.0.0.1','/nakliyeler/ekle');
INSERT INTO "operation_log" VALUES(174,'2026-03-30 12:26:08.288414',3,'sedademir','nakliyeler','create','Nakliye',42,1,'Nakliye seferi eklendi (#42).','127.0.0.1','/nakliyeler/ekle');
INSERT INTO "operation_log" VALUES(175,'2026-03-30 12:26:59.092875',3,'sedademir','nakliyeler','create','Nakliye',43,1,'Nakliye seferi eklendi (#43).','127.0.0.1','/nakliyeler/ekle');
INSERT INTO "operation_log" VALUES(176,'2026-03-30 12:27:36.201691',3,'sedademir','nakliyeler','create','Nakliye',44,1,'Nakliye seferi eklendi (#44).','127.0.0.1','/nakliyeler/ekle');
INSERT INTO "operation_log" VALUES(177,'2026-03-30 12:28:47.734894',3,'sedademir','nakliyeler','create','Nakliye',45,1,'Nakliye seferi eklendi (#45).','127.0.0.1','/nakliyeler/ekle');
INSERT INTO "operation_log" VALUES(178,'2026-03-30 12:30:04.896171',3,'sedademir','nakliyeler','create','Nakliye',46,1,'Nakliye seferi eklendi (#46).','127.0.0.1','/nakliyeler/ekle');
INSERT INTO "operation_log" VALUES(179,'2026-03-30 12:34:47.564186',3,'sedademir','nakliyeler','create','Nakliye',47,1,'Nakliye seferi eklendi (#47).','127.0.0.1','/nakliyeler/ekle');
INSERT INTO "operation_log" VALUES(180,'2026-03-30 12:35:24.097567',3,'sedademir','nakliyeler','create','Nakliye',48,1,'Nakliye seferi eklendi (#48).','127.0.0.1','/nakliyeler/ekle');
INSERT INTO "operation_log" VALUES(181,'2026-03-30 12:36:19.459458',3,'sedademir','nakliyeler','create','Nakliye',49,1,'Nakliye seferi eklendi (#49).','127.0.0.1','/nakliyeler/ekle');
INSERT INTO "operation_log" VALUES(182,'2026-03-30 12:38:06.612793',3,'sedademir','nakliyeler','create','Nakliye',50,1,'Nakliye seferi eklendi (#50).','127.0.0.1','/nakliyeler/ekle');
INSERT INTO "operation_log" VALUES(183,'2026-03-30 12:38:46.338014',3,'sedademir','nakliyeler','create','Nakliye',51,1,'Nakliye seferi eklendi (#51).','127.0.0.1','/nakliyeler/ekle');
INSERT INTO "operation_log" VALUES(184,'2026-03-31 04:44:23.246275',2,'cuneytdemir','kiralama','sonlandir_kalem','KiralamaKalemi',26,1,'Kiralama kalemi sonlandırıldı: kalem_id=26','127.0.0.1','/kiralama/kalem/sonlandir');
INSERT INTO "operation_log" VALUES(185,'2026-03-31 04:44:47.652790',2,'cuneytdemir','kiralama','sonlandir_kalem','KiralamaKalemi',28,1,'Kiralama kalemi sonlandırıldı: kalem_id=28','127.0.0.1','/kiralama/kalem/sonlandir');
INSERT INTO "operation_log" VALUES(186,'2026-03-31 05:10:51.878922',3,'sedademir','kiralama','create','Kiralama',24,1,'Kiralama oluşturuldu: PF-2026/0060','127.0.0.1','/kiralama/ekle');
INSERT INTO "operation_log" VALUES(187,'2026-03-31 05:10:58.814545',3,'sedademir','dokumanlar','kiralama_formu_yazdir_pdf','Kiralama',24,1,'Kiralama formu PDF üretildi: PF-2026_0060','127.0.0.1','/dokumanlar/yazdir/form/24');
INSERT INTO "operation_log" VALUES(188,'2026-03-31 07:15:37.056633',3,'sedademir','dokumanlar','kiralama_formu_yazdir_pdf','Kiralama',21,1,'Kiralama formu PDF üretildi: PF-2026_0057','127.0.0.1','/dokumanlar/yazdir/form/21');
INSERT INTO "operation_log" VALUES(189,'2026-03-31 07:31:35.587970',3,'sedademir','nakliyeler','create','Nakliye',55,1,'Nakliye seferi eklendi (#55).','127.0.0.1','/nakliyeler/ekle');
INSERT INTO "operation_log" VALUES(190,'2026-03-31 07:31:55.322173',3,'sedademir','nakliyeler','create','Nakliye',56,1,'Nakliye seferi eklendi (#56).','127.0.0.1','/nakliyeler/ekle');
INSERT INTO "operation_log" VALUES(191,'2026-03-31 07:34:56.398804',3,'sedademir','nakliyeler','create','Nakliye',57,1,'Nakliye seferi eklendi (#57).','127.0.0.1','/nakliyeler/ekle');
INSERT INTO "operation_log" VALUES(192,'2026-03-31 07:36:20.986422',3,'sedademir','nakliyeler','create','Nakliye',58,1,'Nakliye seferi eklendi (#58).','127.0.0.1','/nakliyeler/ekle');
INSERT INTO "operation_log" VALUES(193,'2026-03-31 09:53:58.124973',3,'sedademir','nakliyeler','create','Nakliye',59,1,'Nakliye seferi eklendi (#59).','127.0.0.1','/nakliyeler/ekle');
INSERT INTO "operation_log" VALUES(194,'2026-03-31 09:55:50.317468',3,'sedademir','nakliyeler','create','Nakliye',60,1,'Nakliye seferi eklendi (#60).','127.0.0.1','/nakliyeler/ekle');
INSERT INTO "operation_log" VALUES(195,'2026-03-31 10:01:15.588948',3,'sedademir','nakliyeler','update','Nakliye',60,1,'Nakliye #60 güncellendi.','127.0.0.1','/nakliyeler/duzenle/60');
INSERT INTO "operation_log" VALUES(196,'2026-03-31 14:55:39.765692',3,'sedademir','kiralama','create','Kiralama',25,1,'Kiralama oluşturuldu: PF-2026/0032','127.0.0.1','/kiralama/ekle');
INSERT INTO "operation_log" VALUES(197,'2026-03-31 14:56:14.647519',3,'sedademir','kiralama','sonlandir_kalem','KiralamaKalemi',31,1,'Kiralama kalemi sonlandırıldı: kalem_id=31','127.0.0.1','/kiralama/kalem/sonlandir');
INSERT INTO "operation_log" VALUES(198,'2026-03-31 14:56:32.393926',3,'sedademir','kiralama','sonlandir_kalem','KiralamaKalemi',32,1,'Kiralama kalemi sonlandırıldı: kalem_id=32','127.0.0.1','/kiralama/kalem/sonlandir');
INSERT INTO "operation_log" VALUES(199,'2026-03-31 14:58:22.482965',3,'sedademir','kiralama','create','Kiralama',26,1,'Kiralama oluşturuldu: PF-2026/0061','127.0.0.1','/kiralama/ekle');
INSERT INTO "operation_log" VALUES(200,'2026-04-01 08:17:32.431039',3,'sedademir','kiralama','create','Kiralama',27,1,'Kiralama oluşturuldu: PF-2026/0062','127.0.0.1','/kiralama/ekle');
INSERT INTO "operation_log" VALUES(201,'2026-04-01 08:17:38.689177',3,'sedademir','dokumanlar','kiralama_formu_yazdir_pdf','Kiralama',27,1,'Kiralama formu PDF üretildi: PF-2026_0062','127.0.0.1','/dokumanlar/yazdir/form/27');
INSERT INTO "operation_log" VALUES(202,'2026-04-01 08:19:14.132731',3,'sedademir','kiralama','delete','Kiralama',26,1,'Kiralama silindi (soft/hard): ID=26','127.0.0.1','/kiralama/sil/26');
INSERT INTO "operation_log" VALUES(203,'2026-04-01 08:19:25.551061',3,'sedademir','kiralama','delete','Kiralama',27,1,'Kiralama silindi (soft/hard): ID=27','127.0.0.1','/kiralama/sil/27');
INSERT INTO "operation_log" VALUES(204,'2026-04-01 08:19:56.651473',3,'sedademir','kiralama','create','Kiralama',26,1,'Kiralama oluşturuldu: PF-2026/0061','127.0.0.1','/kiralama/ekle');
INSERT INTO "operation_log" VALUES(205,'2026-04-01 08:20:07.607280',3,'sedademir','dokumanlar','kiralama_formu_yazdir_pdf','Kiralama',26,1,'Kiralama formu PDF üretildi: PF-2026_0061','127.0.0.1','/dokumanlar/yazdir/form/26');
INSERT INTO "operation_log" VALUES(206,'2026-04-01 08:25:15.066489',3,'sedademir','nakliyeler','update','Nakliye',43,1,'Nakliye #43 güncellendi.','127.0.0.1','/nakliyeler/duzenle/43');
INSERT INTO "operation_log" VALUES(207,'2026-04-01 08:26:16.797223',3,'sedademir','nakliyeler','update','Nakliye',35,1,'Nakliye #35 güncellendi.','127.0.0.1','/nakliyeler/duzenle/35');
INSERT INTO "operation_log" VALUES(208,'2026-04-01 08:26:47.815471',3,'sedademir','nakliyeler','update','Nakliye',58,1,'Nakliye #58 güncellendi.','127.0.0.1','/nakliyeler/duzenle/58');
INSERT INTO "operation_log" VALUES(209,'2026-04-01 09:04:59.244825',3,'sedademir','nakliyeler','update','Nakliye',60,1,'Nakliye #60 güncellendi.','127.0.0.1','/nakliyeler/duzenle/60');
INSERT INTO "operation_log" VALUES(210,'2026-04-01 09:07:17.754800',3,'sedademir','cari','odeme_ekle','Odeme',5,1,'TAHSILAT 42600.00 - ','127.0.0.1','/cari/odeme/ekle');
INSERT INTO "operation_log" VALUES(211,'2026-04-01 09:07:40.812989',3,'sedademir','cari','odeme_ekle','Odeme',6,1,'TAHSILAT 8400.00 - ','127.0.0.1','/cari/odeme/ekle');
INSERT INTO "operation_log" VALUES(212,'2026-04-01 09:17:28.061084',3,'sedademir','kiralama','create','Kiralama',27,1,'Kiralama oluşturuldu: PF-2026/0062','127.0.0.1','/kiralama/ekle');
INSERT INTO "operation_log" VALUES(213,'2026-04-01 09:17:37.924877',3,'sedademir','dokumanlar','kiralama_formu_yazdir_pdf','Kiralama',27,1,'Kiralama formu PDF üretildi: PF-2026_0062','127.0.0.1','/dokumanlar/yazdir/form/27');
INSERT INTO "operation_log" VALUES(214,'2026-04-01 09:35:57.001635',3,'sedademir','kiralama','update','Kiralama',27,1,'Kiralama güncellendi: PF-2026/0062','127.0.0.1','/kiralama/duzenle/27');
INSERT INTO "operation_log" VALUES(215,'2026-04-01 09:36:02.189796',3,'sedademir','dokumanlar','kiralama_formu_yazdir_pdf','Kiralama',27,1,'Kiralama formu PDF üretildi: PF-2026_0062','127.0.0.1','/dokumanlar/yazdir/form/27');
INSERT INTO "operation_log" VALUES(216,'2026-04-01 09:47:20.720280',3,'sedademir','kiralama','create','Kiralama',28,1,'Kiralama oluşturuldu: PF-2025/0057','127.0.0.1','/kiralama/ekle');
INSERT INTO "operation_log" VALUES(217,'2026-04-02 07:12:20.344956',3,'sedademir','nakliyeler','create','Nakliye',65,1,'Nakliye seferi eklendi (#65).','127.0.0.1','/nakliyeler/ekle');
INSERT INTO "operation_log" VALUES(218,'2026-04-02 07:12:47.812198',3,'sedademir','nakliyeler','create','Nakliye',66,1,'Nakliye seferi eklendi (#66).','127.0.0.1','/nakliyeler/ekle');
INSERT INTO "operation_log" VALUES(219,'2026-04-02 07:13:53.437689',3,'sedademir','nakliyeler','create','Nakliye',67,1,'Nakliye seferi eklendi (#67).','127.0.0.1','/nakliyeler/ekle');
INSERT INTO "operation_log" VALUES(220,'2026-04-02 07:14:16.855427',3,'sedademir','nakliyeler','create','Nakliye',68,1,'Nakliye seferi eklendi (#68).','127.0.0.1','/nakliyeler/ekle');
INSERT INTO "operation_log" VALUES(221,'2026-04-02 07:14:44.018958',3,'sedademir','nakliyeler','create','Nakliye',69,1,'Nakliye seferi eklendi (#69).','127.0.0.1','/nakliyeler/ekle');
INSERT INTO "operation_log" VALUES(222,'2026-04-02 07:15:08.006329',3,'sedademir','nakliyeler','create','Nakliye',70,1,'Nakliye seferi eklendi (#70).','127.0.0.1','/nakliyeler/ekle');
INSERT INTO "operation_log" VALUES(223,'2026-04-02 07:15:31.189453',3,'sedademir','nakliyeler','create','Nakliye',71,1,'Nakliye seferi eklendi (#71).','127.0.0.1','/nakliyeler/ekle');
INSERT INTO "operation_log" VALUES(224,'2026-04-02 07:15:57.467532',3,'sedademir','nakliyeler','create','Nakliye',72,1,'Nakliye seferi eklendi (#72).','127.0.0.1','/nakliyeler/ekle');
INSERT INTO "operation_log" VALUES(225,'2026-04-02 07:42:00.604755',3,'sedademir','nakliyeler','create','Nakliye',73,1,'Nakliye seferi eklendi (#73).','127.0.0.1','/nakliyeler/ekle');
INSERT INTO "operation_log" VALUES(226,'2026-04-02 07:43:04.573183',3,'sedademir','nakliyeler','create','Nakliye',74,1,'Nakliye seferi eklendi (#74).','127.0.0.1','/nakliyeler/ekle');
INSERT INTO "operation_log" VALUES(227,'2026-04-02 07:43:47.709385',3,'sedademir','nakliyeler','create','Nakliye',75,1,'Nakliye seferi eklendi (#75).','127.0.0.1','/nakliyeler/ekle');
INSERT INTO "operation_log" VALUES(228,'2026-04-02 07:44:15.497563',3,'sedademir','nakliyeler','create','Nakliye',76,1,'Nakliye seferi eklendi (#76).','127.0.0.1','/nakliyeler/ekle');
INSERT INTO "operation_log" VALUES(229,'2026-04-02 07:44:37.507009',3,'sedademir','nakliyeler','create','Nakliye',77,1,'Nakliye seferi eklendi (#77).','127.0.0.1','/nakliyeler/ekle');
INSERT INTO "operation_log" VALUES(230,'2026-04-02 07:45:03.291829',3,'sedademir','nakliyeler','create','Nakliye',78,1,'Nakliye seferi eklendi (#78).','127.0.0.1','/nakliyeler/ekle');
INSERT INTO "operation_log" VALUES(231,'2026-04-02 07:45:22.075562',3,'sedademir','nakliyeler','create','Nakliye',79,1,'Nakliye seferi eklendi (#79).','127.0.0.1','/nakliyeler/ekle');
INSERT INTO "operation_log" VALUES(232,'2026-04-02 07:45:44.276237',3,'sedademir','nakliyeler','create','Nakliye',80,1,'Nakliye seferi eklendi (#80).','127.0.0.1','/nakliyeler/ekle');
INSERT INTO "operation_log" VALUES(233,'2026-04-02 07:46:04.831676',3,'sedademir','nakliyeler','create','Nakliye',81,1,'Nakliye seferi eklendi (#81).','127.0.0.1','/nakliyeler/ekle');
INSERT INTO "operation_log" VALUES(234,'2026-04-02 07:46:29.627233',3,'sedademir','nakliyeler','create','Nakliye',82,1,'Nakliye seferi eklendi (#82).','127.0.0.1','/nakliyeler/ekle');
INSERT INTO "operation_log" VALUES(235,'2026-04-02 07:46:58.808955',3,'sedademir','nakliyeler','create','Nakliye',83,1,'Nakliye seferi eklendi (#83).','127.0.0.1','/nakliyeler/ekle');
INSERT INTO "operation_log" VALUES(236,'2026-04-02 07:49:45.337690',3,'sedademir','nakliyeler','update','Nakliye',81,1,'Nakliye #81 güncellendi.','127.0.0.1','/nakliyeler/duzenle/81');
INSERT INTO "operation_log" VALUES(237,'2026-04-02 07:52:25.725382',3,'sedademir','nakliyeler','update','Nakliye',79,1,'Nakliye #79 güncellendi.','127.0.0.1','/nakliyeler/duzenle/79');
INSERT INTO "operation_log" VALUES(238,'2026-04-02 08:00:58.495300',3,'sedademir','nakliyeler','create','Nakliye',84,1,'Nakliye seferi eklendi (#84).','127.0.0.1','/nakliyeler/ekle');
INSERT INTO "operation_log" VALUES(239,'2026-04-02 08:01:26.867227',3,'sedademir','nakliyeler','create','Nakliye',85,1,'Nakliye seferi eklendi (#85).','127.0.0.1','/nakliyeler/ekle');
INSERT INTO "operation_log" VALUES(240,'2026-04-02 08:01:51.112520',3,'sedademir','nakliyeler','create','Nakliye',86,1,'Nakliye seferi eklendi (#86).','127.0.0.1','/nakliyeler/ekle');
INSERT INTO "operation_log" VALUES(241,'2026-04-02 08:02:26.357166',3,'sedademir','nakliyeler','create','Nakliye',87,1,'Nakliye seferi eklendi (#87).','127.0.0.1','/nakliyeler/ekle');
INSERT INTO "operation_log" VALUES(242,'2026-04-02 08:02:47.247948',3,'sedademir','nakliyeler','create','Nakliye',88,1,'Nakliye seferi eklendi (#88).','127.0.0.1','/nakliyeler/ekle');
INSERT INTO "operation_log" VALUES(243,'2026-04-02 08:03:10.291880',3,'sedademir','nakliyeler','create','Nakliye',89,1,'Nakliye seferi eklendi (#89).','127.0.0.1','/nakliyeler/ekle');
INSERT INTO "operation_log" VALUES(244,'2026-04-02 08:03:29.196515',3,'sedademir','nakliyeler','create','Nakliye',90,1,'Nakliye seferi eklendi (#90).','127.0.0.1','/nakliyeler/ekle');
INSERT INTO "operation_log" VALUES(245,'2026-04-02 08:03:50.997346',3,'sedademir','nakliyeler','create','Nakliye',91,1,'Nakliye seferi eklendi (#91).','127.0.0.1','/nakliyeler/ekle');
INSERT INTO "operation_log" VALUES(246,'2026-04-02 08:04:13.965973',3,'sedademir','nakliyeler','create','Nakliye',92,1,'Nakliye seferi eklendi (#92).','127.0.0.1','/nakliyeler/ekle');
INSERT INTO "operation_log" VALUES(247,'2026-04-02 08:04:36.199533',3,'sedademir','nakliyeler','create','Nakliye',93,1,'Nakliye seferi eklendi (#93).','127.0.0.1','/nakliyeler/ekle');
INSERT INTO "operation_log" VALUES(248,'2026-04-02 08:05:02.913918',3,'sedademir','nakliyeler','create','Nakliye',94,1,'Nakliye seferi eklendi (#94).','127.0.0.1','/nakliyeler/ekle');
INSERT INTO "operation_log" VALUES(249,'2026-04-02 08:05:27.263449',3,'sedademir','nakliyeler','create','Nakliye',95,1,'Nakliye seferi eklendi (#95).','127.0.0.1','/nakliyeler/ekle');
INSERT INTO "operation_log" VALUES(250,'2026-04-02 08:06:01.092405',3,'sedademir','nakliyeler','create','Nakliye',96,1,'Nakliye seferi eklendi (#96).','127.0.0.1','/nakliyeler/ekle');
INSERT INTO "operation_log" VALUES(251,'2026-04-02 08:06:22.276221',3,'sedademir','nakliyeler','create','Nakliye',97,1,'Nakliye seferi eklendi (#97).','127.0.0.1','/nakliyeler/ekle');
INSERT INTO "operation_log" VALUES(252,'2026-04-02 08:06:51.492037',3,'sedademir','nakliyeler','create','Nakliye',98,1,'Nakliye seferi eklendi (#98).','127.0.0.1','/nakliyeler/ekle');
INSERT INTO "operation_log" VALUES(253,'2026-04-02 08:07:15.756801',3,'sedademir','nakliyeler','create','Nakliye',99,1,'Nakliye seferi eklendi (#99).','127.0.0.1','/nakliyeler/ekle');
INSERT INTO "operation_log" VALUES(254,'2026-04-02 08:07:45.372678',3,'sedademir','nakliyeler','create','Nakliye',100,1,'Nakliye seferi eklendi (#100).','127.0.0.1','/nakliyeler/ekle');
INSERT INTO "operation_log" VALUES(255,'2026-04-02 08:08:07.981092',3,'sedademir','nakliyeler','create','Nakliye',101,1,'Nakliye seferi eklendi (#101).','127.0.0.1','/nakliyeler/ekle');
INSERT INTO "operation_log" VALUES(256,'2026-04-02 08:08:31.525972',3,'sedademir','nakliyeler','create','Nakliye',102,1,'Nakliye seferi eklendi (#102).','127.0.0.1','/nakliyeler/ekle');
INSERT INTO "operation_log" VALUES(257,'2026-04-02 08:08:55.848612',3,'sedademir','nakliyeler','create','Nakliye',103,1,'Nakliye seferi eklendi (#103).','127.0.0.1','/nakliyeler/ekle');
INSERT INTO "operation_log" VALUES(258,'2026-04-02 08:09:18.621183',3,'sedademir','nakliyeler','create','Nakliye',104,1,'Nakliye seferi eklendi (#104).','127.0.0.1','/nakliyeler/ekle');
INSERT INTO "operation_log" VALUES(259,'2026-04-02 08:11:00.484785',3,'sedademir','kiralama','update','Kiralama',23,1,'Kiralama güncellendi: PF-2026/0059','127.0.0.1','/kiralama/duzenle/23');
INSERT INTO "operation_log" VALUES(260,'2026-04-02 08:12:09.339173',3,'sedademir','kiralama','update','Kiralama',19,1,'Kiralama güncellendi: PF-2026/0055','127.0.0.1','/kiralama/duzenle/19');
INSERT INTO "operation_log" VALUES(261,'2026-04-02 10:38:27.659112',3,'sedademir','cari','odeme_ekle','Odeme',7,1,'TAHSILAT 56106.07 - ','127.0.0.1','/cari/odeme/ekle');
INSERT INTO "operation_log" VALUES(262,'2026-04-02 10:38:53.803125',3,'sedademir','cari','odeme_ekle','Odeme',8,1,'TAHSILAT 15180.00 - ','127.0.0.1','/cari/odeme/ekle');
INSERT INTO "operation_log" VALUES(263,'2026-04-02 10:57:29.256646',3,'sedademir','kiralama','create','Kiralama',29,1,'Kiralama oluşturuldu: PF-2025/0248','127.0.0.1','/kiralama/ekle');
INSERT INTO "operation_log" VALUES(264,'2026-04-02 10:57:47.801141',3,'sedademir','kiralama','sonlandir_kalem','KiralamaKalemi',37,1,'Kiralama kalemi sonlandırıldı: kalem_id=37','127.0.0.1','/kiralama/kalem/sonlandir');
INSERT INTO "operation_log" VALUES(265,'2026-04-02 10:58:50.258397',3,'sedademir','cari','odeme_ekle','Odeme',9,1,'TAHSILAT 54000.00 - ','127.0.0.1','/cari/odeme/ekle');
INSERT INTO "operation_log" VALUES(266,'2026-04-02 10:59:09.524620',3,'sedademir','cari','odeme_ekle','Odeme',10,1,'TAHSILAT 26400.00 - ','127.0.0.1','/cari/odeme/ekle');
INSERT INTO "operation_log" VALUES(267,'2026-04-02 11:00:00.087929',3,'sedademir','cari','odeme_sil','Odeme',10,1,'Ödeme #10 silindi.','127.0.0.1','/cari/odeme/sil/10');
INSERT INTO "operation_log" VALUES(268,'2026-04-02 11:00:03.852600',3,'sedademir','cari','odeme_sil','Odeme',9,1,'Ödeme #9 silindi.','127.0.0.1','/cari/odeme/sil/9');
INSERT INTO "operation_log" VALUES(269,'2026-04-02 11:00:38.042297',3,'sedademir','cari','odeme_ekle','Odeme',11,1,'TAHSILAT 54000.00 - ','127.0.0.1','/cari/odeme/ekle');
INSERT INTO "operation_log" VALUES(270,'2026-04-02 11:00:55.208507',3,'sedademir','cari','odeme_ekle','Odeme',12,1,'TAHSILAT 26400.00 - ','127.0.0.1','/cari/odeme/ekle');
INSERT INTO "operation_log" VALUES(271,'2026-04-02 11:01:14.723471',3,'sedademir','cari','odeme_ekle','Odeme',13,1,'TAHSILAT 10000.00 - ','127.0.0.1','/cari/odeme/ekle');
INSERT INTO "operation_log" VALUES(272,'2026-04-02 12:04:43.395598',3,'sedademir','nakliyeler','create','Nakliye',108,1,'Nakliye seferi eklendi (#108).','127.0.0.1','/nakliyeler/ekle');
INSERT INTO "operation_log" VALUES(273,'2026-04-02 12:05:58.582385',3,'sedademir','nakliyeler','create','Nakliye',109,1,'Nakliye seferi eklendi (#109).','127.0.0.1','/nakliyeler/ekle');
INSERT INTO "operation_log" VALUES(274,'2026-04-02 12:06:45.880015',3,'sedademir','nakliyeler','create','Nakliye',110,1,'Nakliye seferi eklendi (#110).','127.0.0.1','/nakliyeler/ekle');
INSERT INTO "operation_log" VALUES(275,'2026-04-02 12:07:14.146739',3,'sedademir','nakliyeler','create','Nakliye',111,1,'Nakliye seferi eklendi (#111).','127.0.0.1','/nakliyeler/ekle');
INSERT INTO "operation_log" VALUES(276,'2026-04-02 12:07:53.056878',3,'sedademir','nakliyeler','create','Nakliye',112,1,'Nakliye seferi eklendi (#112).','127.0.0.1','/nakliyeler/ekle');
INSERT INTO "operation_log" VALUES(277,'2026-04-02 12:11:56.394374',3,'sedademir','kiralama','create','Kiralama',30,1,'Kiralama oluşturuldu: PF-2025/0222','127.0.0.1','/kiralama/ekle');
INSERT INTO "operation_log" VALUES(278,'2026-04-02 12:20:33.516033',3,'sedademir','kiralama','create','Kiralama',31,1,'Kiralama oluşturuldu: PF-2025/0158','127.0.0.1','/kiralama/ekle');
INSERT INTO "operation_log" VALUES(279,'2026-04-02 12:20:55.513202',3,'sedademir','kiralama','sonlandir_kalem','KiralamaKalemi',39,1,'Kiralama kalemi sonlandırıldı: kalem_id=39','127.0.0.1','/kiralama/kalem/sonlandir');
INSERT INTO "operation_log" VALUES(280,'2026-04-02 12:21:24.467623',3,'sedademir','cari','odeme_ekle','Odeme',14,1,'TAHSILAT 50000.00 - ','127.0.0.1','/cari/odeme/ekle');
INSERT INTO "operation_log" VALUES(281,'2026-04-02 12:34:11.622186',3,'sedademir','kiralama','create','Kiralama',32,1,'Kiralama oluşturuldu: PF-2026/0063','127.0.0.1','/kiralama/ekle');
INSERT INTO "operation_log" VALUES(282,'2026-04-02 12:34:26.240789',3,'sedademir','kiralama','sonlandir_kalem','KiralamaKalemi',40,1,'Kiralama kalemi sonlandırıldı: kalem_id=40','127.0.0.1','/kiralama/kalem/sonlandir');
INSERT INTO "operation_log" VALUES(283,'2026-04-02 12:36:32.651383',3,'sedademir','kiralama','delete','Kiralama',32,1,'Kiralama silindi (soft/hard): ID=32','127.0.0.1','/kiralama/sil/32');
INSERT INTO "operation_log" VALUES(284,'2026-04-02 12:39:12.030780',3,'sedademir','kiralama','create','Kiralama',32,1,'Kiralama oluşturuldu: PF-2026/0003','127.0.0.1','/kiralama/ekle');
INSERT INTO "operation_log" VALUES(285,'2026-04-02 12:39:25.530630',3,'sedademir','kiralama','sonlandir_kalem','KiralamaKalemi',40,1,'Kiralama kalemi sonlandırıldı: kalem_id=40','127.0.0.1','/kiralama/kalem/sonlandir');
INSERT INTO "operation_log" VALUES(286,'2026-04-02 12:51:01.782140',3,'sedademir','kiralama','create','Kiralama',33,1,'Kiralama oluşturuldu: PF-2026/0063','127.0.0.1','/kiralama/ekle');
INSERT INTO "operation_log" VALUES(287,'2026-04-02 12:51:13.338479',3,'sedademir','dokumanlar','kiralama_formu_yazdir_pdf','Kiralama',33,1,'Kiralama formu PDF üretildi: PF-2026_0063','127.0.0.1','/dokumanlar/yazdir/form/33');
INSERT INTO "operation_log" VALUES(288,'2026-04-02 16:17:36.146454',3,'sedademir','kiralama','create','Kiralama',34,1,'Kiralama oluşturuldu: PF-2026/0035','127.0.0.1','/kiralama/ekle');
INSERT INTO "operation_log" VALUES(289,'2026-04-02 16:18:46.833142',3,'sedademir','dokumanlar','kiralama_formu_yazdir_pdf','Kiralama',33,1,'Kiralama formu PDF üretildi: PF-2026_0063','127.0.0.1','/dokumanlar/yazdir/form/33');
INSERT INTO "operation_log" VALUES(290,'2026-04-02 16:23:58.371291',3,'sedademir','kiralama','create','Kiralama',35,1,'Kiralama oluşturuldu: PF-2026/0006-4','127.0.0.1','/kiralama/ekle');
INSERT INTO "operation_log" VALUES(291,'2026-04-02 16:24:25.644803',3,'sedademir','kiralama','sonlandir_kalem','KiralamaKalemi',29,1,'Kiralama kalemi sonlandırıldı: kalem_id=29','127.0.0.1','/kiralama/kalem/sonlandir');
INSERT INTO "operation_log" VALUES(292,'2026-04-02 16:25:52.373915',3,'sedademir','kiralama','update','Kiralama',35,1,'Kiralama güncellendi: PF-2026/0006-4','127.0.0.1','/kiralama/duzenle/35');
INSERT INTO "operation_log" VALUES(293,'2026-04-02 16:26:13.248291',3,'sedademir','kiralama','sonlandir_kalem','KiralamaKalemi',43,1,'Kiralama kalemi sonlandırıldı: kalem_id=43','127.0.0.1','/kiralama/kalem/sonlandir');
INSERT INTO "operation_log" VALUES(294,'2026-04-02 16:26:27.912663',3,'sedademir','kiralama','sonlandir_kalem','KiralamaKalemi',44,1,'Kiralama kalemi sonlandırıldı: kalem_id=44','127.0.0.1','/kiralama/kalem/sonlandir');
INSERT INTO "operation_log" VALUES(295,'2026-04-02 16:26:35.343919',3,'sedademir','kiralama','iptal_sonlandirma','KiralamaKalemi',29,1,'Kalem sonlandırma iptal edildi: kalem_id=29','127.0.0.1','/kiralama/kalem/iptal_et');
INSERT INTO "operation_log" VALUES(296,'2026-04-02 16:27:23.954661',3,'sedademir','kiralama','update','Kiralama',23,1,'Kiralama güncellendi: PF-2026/0059','127.0.0.1','/kiralama/duzenle/23');
INSERT INTO "operation_log" VALUES(297,'2026-04-02 19:26:16.774803',3,'sedademir','kiralama','create','Kiralama',36,1,'Kiralama oluşturuldu: PF-2026/0018','127.0.0.1','/kiralama/ekle');
INSERT INTO "operation_log" VALUES(298,'2026-04-02 19:26:42.471287',3,'sedademir','kiralama','sonlandir_kalem','KiralamaKalemi',45,1,'Kiralama kalemi sonlandırıldı: kalem_id=45','127.0.0.1','/kiralama/kalem/sonlandir');
INSERT INTO "operation_log" VALUES(299,'2026-04-02 19:27:01.063980',3,'sedademir','kiralama','sonlandir_kalem','KiralamaKalemi',46,1,'Kiralama kalemi sonlandırıldı: kalem_id=46','127.0.0.1','/kiralama/kalem/sonlandir');
INSERT INTO "operation_log" VALUES(300,'2026-04-02 19:28:39.271400',3,'sedademir','kiralama','sonlandir_kalem','KiralamaKalemi',47,1,'Kiralama kalemi sonlandırıldı: kalem_id=47','127.0.0.1','/kiralama/kalem/sonlandir');
INSERT INTO "operation_log" VALUES(301,'2026-04-02 19:29:07.673496',3,'sedademir','dokumanlar','kiralama_formu_yazdir_pdf','Kiralama',33,1,'Kiralama formu PDF üretildi: PF-2026_0063','127.0.0.1','/dokumanlar/yazdir/form/33');
INSERT INTO "operation_log" VALUES(302,'2026-04-02 20:23:25.334145',3,'sedademir','kiralama','create','Kiralama',37,1,'Kiralama oluşturuldu: PF-2026/0046','127.0.0.1','/kiralama/ekle');
INSERT INTO "operation_log" VALUES(303,'2026-04-02 20:26:14.787002',3,'sedademir','kiralama','create','Kiralama',38,1,'Kiralama oluşturuldu: PF-2026/0064','127.0.0.1','/kiralama/ekle');
INSERT INTO "operation_log" VALUES(304,'2026-04-02 20:29:55.030511',3,'sedademir','kiralama','sonlandir_kalem','KiralamaKalemi',34,1,'Kiralama kalemi sonlandırıldı: kalem_id=34','127.0.0.1','/kiralama/kalem/sonlandir');
INSERT INTO "operation_log" VALUES(305,'2026-04-02 20:31:26.978749',3,'sedademir','kiralama','create','Kiralama',39,1,'Kiralama oluşturuldu: PF-2026/0045-1','127.0.0.1','/kiralama/ekle');
INSERT INTO "operation_log" VALUES(306,'2026-04-02 20:31:40.343577',3,'sedademir','kiralama','sonlandir_kalem','KiralamaKalemi',50,1,'Kiralama kalemi sonlandırıldı: kalem_id=50','127.0.0.1','/kiralama/kalem/sonlandir');
INSERT INTO "operation_log" VALUES(307,'2026-04-02 20:31:46.068549',3,'sedademir','kiralama','iptal_sonlandirma','KiralamaKalemi',50,1,'Kalem sonlandırma iptal edildi: kalem_id=50','127.0.0.1','/kiralama/kalem/iptal_et');
INSERT INTO "operation_log" VALUES(308,'2026-04-02 20:31:57.569925',3,'sedademir','kiralama','sonlandir_kalem','KiralamaKalemi',50,1,'Kiralama kalemi sonlandırıldı: kalem_id=50','127.0.0.1','/kiralama/kalem/sonlandir');
INSERT INTO "operation_log" VALUES(309,'2026-04-02 20:32:17.993093',3,'sedademir','kiralama','iptal_sonlandirma','KiralamaKalemi',34,1,'Kalem sonlandırma iptal edildi: kalem_id=34','127.0.0.1','/kiralama/kalem/iptal_et');
INSERT INTO "operation_log" VALUES(310,'2026-04-02 20:32:55.113304',3,'sedademir','kiralama','update','Kiralama',27,1,'Kiralama güncellendi: PF-2026/0062','127.0.0.1','/kiralama/duzenle/27');
INSERT INTO "operation_log" VALUES(311,'2026-04-02 20:38:45.131182',3,'sedademir','kiralama','create','Kiralama',40,1,'Kiralama oluşturuldu: PF-2025/0041','127.0.0.1','/kiralama/ekle');
INSERT INTO "operation_log" VALUES(312,'2026-04-02 20:41:33.609880',3,'sedademir','kiralama','sonlandir_kalem','KiralamaKalemi',6,1,'Kiralama kalemi sonlandırıldı: kalem_id=6','127.0.0.1','/kiralama/kalem/sonlandir');
INSERT INTO "operation_log" VALUES(313,'2026-04-02 20:42:38.587532',3,'sedademir','kiralama','create','Kiralama',41,1,'Kiralama oluşturuldu: PF-2025/0118','127.0.0.1','/kiralama/ekle');
INSERT INTO "operation_log" VALUES(314,'2026-04-02 20:42:53.667531',3,'sedademir','kiralama','sonlandir_kalem','KiralamaKalemi',52,1,'Kiralama kalemi sonlandırıldı: kalem_id=52','127.0.0.1','/kiralama/kalem/sonlandir');
INSERT INTO "operation_log" VALUES(315,'2026-04-02 20:43:09.306639',3,'sedademir','kiralama','iptal_sonlandirma','KiralamaKalemi',6,1,'Kalem sonlandırma iptal edildi: kalem_id=6','127.0.0.1','/kiralama/kalem/iptal_et');
INSERT INTO "operation_log" VALUES(316,'2026-04-02 20:43:34.045068',3,'sedademir','kiralama','update','Kiralama',6,1,'Kiralama güncellendi: PF-2026/0053','127.0.0.1','/kiralama/duzenle/6');
INSERT INTO "operation_log" VALUES(317,'2026-04-02 20:46:02.766826',3,'sedademir','kiralama','create','Kiralama',42,1,'Kiralama oluşturuldu: PF-2026/0065','127.0.0.1','/kiralama/ekle');
INSERT INTO "operation_log" VALUES(318,'2026-04-02 20:51:25.330865',3,'sedademir','kiralama','create','Kiralama',43,1,'Kiralama oluşturuldu: PF-2026/0033','127.0.0.1','/kiralama/ekle');
INSERT INTO "operation_log" VALUES(319,'2026-04-02 20:51:49.575082',3,'sedademir','kiralama','sonlandir_kalem','KiralamaKalemi',53,1,'Kiralama kalemi sonlandırıldı: kalem_id=53','127.0.0.1','/kiralama/kalem/sonlandir');
INSERT INTO "operation_log" VALUES(320,'2026-04-02 20:52:28.388376',3,'sedademir','kiralama','update','Kiralama',43,1,'Kiralama güncellendi: PF-2026/0033','127.0.0.1','/kiralama/duzenle/43');
INSERT INTO "operation_log" VALUES(321,'2026-04-02 21:14:51.613934',3,'sedademir','kiralama','create','Kiralama',44,1,'Kiralama oluşturuldu: PF-2026/0034','127.0.0.1','/kiralama/ekle');
INSERT INTO "operation_log" VALUES(322,'2026-04-02 21:19:23.197758',3,'sedademir','kiralama','update','Kiralama',44,1,'Kiralama güncellendi: PF-2026/0034','127.0.0.1','/kiralama/duzenle/44');
INSERT INTO "operation_log" VALUES(323,'2026-04-02 21:23:15.787493',3,'sedademir','kiralama','update','Kiralama',44,1,'Kiralama güncellendi: PF-2026/0034','127.0.0.1','/kiralama/duzenle/44');
INSERT INTO "operation_log" VALUES(324,'2026-04-02 21:23:48.837912',3,'sedademir','kiralama','sonlandir_kalem','KiralamaKalemi',57,1,'Kiralama kalemi sonlandırıldı: kalem_id=57','127.0.0.1','/kiralama/kalem/sonlandir');
INSERT INTO "operation_log" VALUES(325,'2026-04-02 21:26:24.365415',3,'sedademir','kiralama','sonlandir_kalem','KiralamaKalemi',29,1,'Kiralama kalemi sonlandırıldı: kalem_id=29','127.0.0.1','/kiralama/kalem/sonlandir');
INSERT INTO "operation_log" VALUES(326,'2026-04-02 21:32:42.791774',3,'sedademir','kiralama','create','Kiralama',45,1,'Kiralama oluşturuldu: PF-2026/0044','127.0.0.1','/kiralama/ekle');
INSERT INTO "operation_log" VALUES(327,'2026-04-02 21:32:59.085547',3,'sedademir','kiralama','sonlandir_kalem','KiralamaKalemi',59,1,'Kiralama kalemi sonlandırıldı: kalem_id=59','127.0.0.1','/kiralama/kalem/sonlandir');
INSERT INTO "operation_log" VALUES(328,'2026-04-02 21:33:19.920635',3,'sedademir','kiralama','iptal_sonlandirma','KiralamaKalemi',29,1,'Kalem sonlandırma iptal edildi: kalem_id=29','127.0.0.1','/kiralama/kalem/iptal_et');
INSERT INTO "operation_log" VALUES(329,'2026-04-02 21:33:49.135441',3,'sedademir','kiralama','update','Kiralama',23,1,'Kiralama güncellendi: PF-2026/0059','127.0.0.1','/kiralama/duzenle/23');
INSERT INTO "operation_log" VALUES(330,'2026-04-02 21:39:25.362625',3,'sedademir','kiralama','create','Kiralama',46,1,'Kiralama oluşturuldu: PF-2026/0043','127.0.0.1','/kiralama/ekle');
INSERT INTO "operation_log" VALUES(331,'2026-04-02 21:44:26.048093',3,'sedademir','kiralama','sonlandir_kalem','KiralamaKalemi',56,1,'Kiralama kalemi sonlandırıldı: kalem_id=56','127.0.0.1','/kiralama/kalem/sonlandir');
INSERT INTO "operation_log" VALUES(332,'2026-04-02 21:44:43.578434',3,'sedademir','kiralama','iptal_sonlandirma','KiralamaKalemi',53,1,'Kalem sonlandırma iptal edildi: kalem_id=53','127.0.0.1','/kiralama/kalem/iptal_et');
INSERT INTO "operation_log" VALUES(333,'2026-04-02 21:45:36.554024',3,'sedademir','kiralama','delete','Kiralama',42,1,'Kiralama silindi (soft/hard): ID=42','127.0.0.1','/kiralama/sil/42');
INSERT INTO "operation_log" VALUES(334,'2026-04-02 21:46:38.562760',3,'sedademir','kiralama','create','Kiralama',47,1,'Kiralama oluşturuldu: PF-2025/0074','127.0.0.1','/kiralama/ekle');
INSERT INTO "operation_log" VALUES(335,'2026-04-02 21:46:54.861254',3,'sedademir','kiralama','sonlandir_kalem','KiralamaKalemi',61,1,'Kiralama kalemi sonlandırıldı: kalem_id=61','127.0.0.1','/kiralama/kalem/sonlandir');
INSERT INTO "operation_log" VALUES(336,'2026-04-02 21:47:06.624026',3,'sedademir','kiralama','iptal_sonlandirma','KiralamaKalemi',56,1,'Kalem sonlandırma iptal edildi: kalem_id=56','127.0.0.1','/kiralama/kalem/iptal_et');
INSERT INTO "operation_log" VALUES(337,'2026-04-02 21:48:45.485741',3,'sedademir','kiralama','update','Kiralama',43,1,'Kiralama güncellendi: PF-2026/0033','127.0.0.1','/kiralama/duzenle/43');
INSERT INTO "operation_log" VALUES(338,'2026-04-02 21:50:42.141194',3,'sedademir','kiralama','create','Kiralama',48,1,'Kiralama oluşturuldu: PF-2026/0042','127.0.0.1','/kiralama/ekle');
INSERT INTO "operation_log" VALUES(339,'2026-04-02 21:51:02.231346',3,'sedademir','kiralama','sonlandir_kalem','KiralamaKalemi',62,1,'Kiralama kalemi sonlandırıldı: kalem_id=62','127.0.0.1','/kiralama/kalem/sonlandir');
INSERT INTO "operation_log" VALUES(340,'2026-04-02 21:51:19.685989',3,'sedademir','kiralama','sonlandir_kalem','KiralamaKalemi',63,1,'Kiralama kalemi sonlandırıldı: kalem_id=63','127.0.0.1','/kiralama/kalem/sonlandir');
INSERT INTO "operation_log" VALUES(341,'2026-04-02 21:57:00.165595',3,'sedademir','kiralama','create','Kiralama',49,1,'Kiralama oluşturuldu: PF-2026/0041','127.0.0.1','/kiralama/ekle');
INSERT INTO "operation_log" VALUES(342,'2026-04-02 21:58:14.221895',3,'sedademir','kiralama','update','Kiralama',49,1,'Kiralama güncellendi: PF-2026/0041','127.0.0.1','/kiralama/duzenle/49');
INSERT INTO "operation_log" VALUES(343,'2026-04-03 04:31:24.056287',3,'sedademir','dokumanlar','kiralama_formu_yazdir_pdf','Kiralama',33,1,'Kiralama formu PDF üretildi: PF-2026_0063','127.0.0.1','/dokumanlar/yazdir/form/33');
INSERT INTO "operation_log" VALUES(344,'2026-04-03 04:31:44.372773',3,'sedademir','kiralama','update','Kiralama',33,1,'Kiralama güncellendi: PF-2026/0063','127.0.0.1','/kiralama/duzenle/33');
INSERT INTO "operation_log" VALUES(345,'2026-04-03 04:31:56.020758',3,'sedademir','dokumanlar','kiralama_formu_yazdir_pdf','Kiralama',33,1,'Kiralama formu PDF üretildi: PF-2026_0063','127.0.0.1','/dokumanlar/yazdir/form/33');
INSERT INTO "operation_log" VALUES(346,'2026-04-03 04:32:16.067540',3,'sedademir','dokumanlar','kiralama_formu_yazdir_pdf','Kiralama',33,1,'Kiralama formu PDF üretildi: PF-2026_0063','127.0.0.1','/dokumanlar/yazdir/form/33');
INSERT INTO "operation_log" VALUES(347,'2026-04-03 04:32:21.933004',3,'sedademir','kiralama','delete','Kiralama',33,1,'Kiralama silindi (soft/hard): ID=33','127.0.0.1','/kiralama/sil/33');
INSERT INTO "operation_log" VALUES(348,'2026-04-03 04:33:37.727917',3,'sedademir','kiralama','create','Kiralama',50,1,'Kiralama oluşturuldu: PF-2026/0063','127.0.0.1','/kiralama/ekle');
INSERT INTO "operation_log" VALUES(349,'2026-04-03 04:33:43.541192',3,'sedademir','dokumanlar','kiralama_formu_yazdir_pdf','Kiralama',50,1,'Kiralama formu PDF üretildi: PF-2026_0063','127.0.0.1','/dokumanlar/yazdir/form/50');
INSERT INTO "operation_log" VALUES(350,'2026-04-03 04:34:12.115932',3,'sedademir','kiralama','update','Kiralama',50,1,'Kiralama güncellendi: PF-2026/0063','127.0.0.1','/kiralama/duzenle/50');
INSERT INTO "operation_log" VALUES(351,'2026-04-03 04:34:17.611432',3,'sedademir','dokumanlar','kiralama_formu_yazdir_pdf','Kiralama',50,1,'Kiralama formu PDF üretildi: PF-2026_0063','127.0.0.1','/dokumanlar/yazdir/form/50');
INSERT INTO "operation_log" VALUES(352,'2026-04-03 05:30:52.180496',3,'sedademir','kiralama','update','Kiralama',26,1,'Kiralama güncellendi: PF-2026/0061','127.0.0.1','/kiralama/duzenle/26');
INSERT INTO "operation_log" VALUES(353,'2026-04-03 09:58:42.602763',3,'sedademir','kiralama','create','Kiralama',51,1,'Kiralama oluşturuldu: PF-2026/0065','127.0.0.1','/kiralama/ekle');
INSERT INTO "operation_log" VALUES(354,'2026-04-03 09:58:48.957472',3,'sedademir','dokumanlar','kiralama_formu_yazdir_pdf','Kiralama',51,1,'Kiralama formu PDF üretildi: PF-2026_0065','127.0.0.1','/dokumanlar/yazdir/form/51');
INSERT INTO "operation_log" VALUES(355,'2026-04-03 10:12:27.334293',3,'sedademir','nakliyeler','create','Nakliye',153,1,'Nakliye seferi eklendi (#153).','127.0.0.1','/nakliyeler/ekle');
CREATE TABLE stok_hareket (
	stok_karti_id INTEGER NOT NULL, 
	firma_id INTEGER, 
	tarih DATE NOT NULL, 
	adet INTEGER NOT NULL, 
	birim_fiyat NUMERIC(15, 2) NOT NULL, 
	hareket_tipi VARCHAR(20) NOT NULL, 
	fatura_no VARCHAR(50), 
	aciklama VARCHAR(250), 
	id INTEGER NOT NULL, 
	is_active BOOLEAN NOT NULL, 
	created_at DATETIME NOT NULL, 
	updated_at DATETIME, 
	created_by_id INTEGER, 
	updated_by_id INTEGER, 
	is_deleted BOOLEAN NOT NULL, 
	deleted_at DATETIME, 
	deleted_by_id INTEGER, 
	CONSTRAINT pk_stok_hareket PRIMARY KEY (id), 
	CONSTRAINT fk_stok_hareket_firma_id_firma FOREIGN KEY(firma_id) REFERENCES firma (id), 
	CONSTRAINT fk_stok_hareket_stok_karti_id_stok_karti FOREIGN KEY(stok_karti_id) REFERENCES stok_karti (id)
);
CREATE TABLE stok_karti (
	parca_kodu VARCHAR(100) NOT NULL, 
	parca_adi VARCHAR(250) NOT NULL, 
	mevcut_stok INTEGER NOT NULL, 
	varsayilan_tedarikci_id INTEGER, 
	id INTEGER NOT NULL, 
	is_active BOOLEAN NOT NULL, 
	created_at DATETIME NOT NULL, 
	updated_at DATETIME, 
	created_by_id INTEGER, 
	updated_by_id INTEGER, 
	is_deleted BOOLEAN NOT NULL, 
	deleted_at DATETIME, 
	deleted_by_id INTEGER, 
	CONSTRAINT pk_stok_karti PRIMARY KEY (id), 
	CONSTRAINT fk_stok_karti_varsayilan_tedarikci_id_firma FOREIGN KEY(varsayilan_tedarikci_id) REFERENCES firma (id)
);
CREATE TABLE sube_transferleri (
	id INTEGER NOT NULL, 
	tarih DATETIME, 
	ekipman_id INTEGER NOT NULL, 
	gonderen_sube_id INTEGER NOT NULL, 
	alan_sube_id INTEGER NOT NULL, 
	arac_id INTEGER NOT NULL, 
	neden VARCHAR(50) NOT NULL, 
	aciklama TEXT, 
	CONSTRAINT pk_sube_transferleri PRIMARY KEY (id), 
	CONSTRAINT fk_sube_transferleri_alan_sube_id_subeler FOREIGN KEY(alan_sube_id) REFERENCES subeler (id), 
	CONSTRAINT fk_sube_transferleri_arac_id_araclar FOREIGN KEY(arac_id) REFERENCES araclar (id), 
	CONSTRAINT fk_sube_transferleri_ekipman_id_ekipman FOREIGN KEY(ekipman_id) REFERENCES ekipman (id), 
	CONSTRAINT fk_sube_transferleri_gonderen_sube_id_subeler FOREIGN KEY(gonderen_sube_id) REFERENCES subeler (id)
);
CREATE TABLE subeler (
	id INTEGER NOT NULL, 
	isim VARCHAR(100) NOT NULL, 
	adres TEXT, 
	konum_linki VARCHAR(500), 
	yetkili_kisi VARCHAR(100), 
	telefon VARCHAR(20), 
	email VARCHAR(100), 
	is_active BOOLEAN, 
	CONSTRAINT pk_subeler PRIMARY KEY (id)
);
INSERT INTO "subeler" VALUES(1,'Ferhatpaşa','','','Salih Baltacı','05322305573','pimaksinsaat@gmail.com',1);
INSERT INTO "subeler" VALUES(2,'İkitelli','','','Cüneyt Demir','05322305573','pimaksinsaat@gmail.com',1);
CREATE TABLE takvim_hatirlatma (
	user_id INTEGER NOT NULL, 
	tarih DATE NOT NULL, 
	baslik VARCHAR(150) NOT NULL, 
	aciklama TEXT, 
	id INTEGER NOT NULL, 
	is_active BOOLEAN NOT NULL, 
	created_at DATETIME NOT NULL, 
	updated_at DATETIME, 
	created_by_id INTEGER, 
	updated_by_id INTEGER, 
	is_deleted BOOLEAN NOT NULL, 
	deleted_at DATETIME, 
	deleted_by_id INTEGER, 
	CONSTRAINT pk_takvim_hatirlatma PRIMARY KEY (id), 
	CONSTRAINT fk_takvim_hatirlatma_user_id_user FOREIGN KEY(user_id) REFERENCES user (id)
);
INSERT INTO "takvim_hatirlatma" VALUES(2,'2026-03-24','deneme',NULL,1,0,'2026-03-22 16:32:50.726121','2026-03-22 16:35:32.388105',2,NULL,1,NULL,2);
INSERT INTO "takvim_hatirlatma" VALUES(2,'2026-03-24','pm06 obaya gidecek',NULL,2,0,'2026-03-23 07:51:08.023767','2026-03-23 07:51:18.885017',2,NULL,1,NULL,2);
INSERT INTO "takvim_hatirlatma" VALUES(2,'2026-03-26','Deneme yayını',NULL,3,0,'2026-03-24 21:56:39.755740','2026-03-24 22:07:52.519883',2,NULL,1,NULL,2);
INSERT INTO "takvim_hatirlatma" VALUES(2,'2026-03-25','deneme',NULL,4,0,'2026-03-24 22:26:58.460968','2026-03-24 22:27:06.277676',2,NULL,1,NULL,2);
INSERT INTO "takvim_hatirlatma" VALUES(2,'2026-03-25','deneme',NULL,5,0,'2026-03-25 05:26:55.078080','2026-03-25 05:27:03.428948',2,NULL,1,NULL,2);
INSERT INTO "takvim_hatirlatma" VALUES(2,'2026-03-26','Muhtasar ödemesi','65000',6,1,'2026-03-25 08:43:10.312805',NULL,2,NULL,0,NULL,NULL);
CREATE TABLE user (
	id INTEGER NOT NULL, 
	username VARCHAR(80) NOT NULL, 
	password_hash VARCHAR(256) NOT NULL, 
	rol VARCHAR(20) NOT NULL, 
	is_active BOOLEAN NOT NULL, 
	created_at DATETIME, 
	last_login DATETIME, 
	CONSTRAINT pk_user PRIMARY KEY (id)
);
INSERT INTO "user" VALUES(2,'cuneytdemir','scrypt:32768:8:1$6zMpB3xUspPoeHQB$6c14996a48081eb0beeb01c25c97382857a2b96e11916df881be4d84a442586999861d762caf4390a311c9050849a6cfde7e6cfd6c6e451a3c33d9b49afec6c8','admin',1,'2026-03-21 11:19:44.070598','2026-04-04 03:43:58.113403');
INSERT INTO "user" VALUES(3,'sedademir','scrypt:32768:8:1$TYI0mYePSnp9nfZx$6aa211f854805117dfa85ce78c4428504be29fae3d3f60e7ae8b665b7117027986388f86f70894bf5cabff39c8727bb80d4279a705992cf3c9367df95d79f137','admin',1,'2026-03-24 20:26:51.084574','2026-04-03 09:53:36.369879');
INSERT INTO "user" VALUES(4,'admin','scrypt:32768:8:1$yZLuh1M7oRZkNGCt$d6d463880d6ffd3dd9a4789985b8c512c552dd2113d52f510973270fe7f765bdaef4edf7d48bffd3bfd6dc0b12dda7832050e738c16f70be4ef7ed2dc07b75ee','admin',1,'2026-03-25 04:28:44.323179',NULL);
CREATE INDEX ix_firma_eposta ON firma (eposta);
CREATE INDEX ix_firma_etiket_uuid ON firma (etiket_uuid);
CREATE INDEX ix_firma_firma_adi ON firma (firma_adi);
CREATE INDEX ix_firma_is_active ON firma (is_active);
CREATE INDEX ix_firma_is_deleted ON firma (is_deleted);
CREATE INDEX ix_firma_is_musteri ON firma (is_musteri);
CREATE INDEX ix_firma_is_tedarikci ON firma (is_tedarikci);
CREATE INDEX ix_firma_tckn ON firma (tckn);
CREATE UNIQUE INDEX ix_firma_vergi_no ON firma (vergi_no);
CREATE UNIQUE INDEX ix_user_username ON user (username);
CREATE INDEX ix_cari_hareket_belge_no ON cari_hareket (belge_no);
CREATE INDEX ix_cari_hareket_durum ON cari_hareket (durum);
CREATE INDEX ix_cari_hareket_firma_id ON cari_hareket (firma_id);
CREATE INDEX ix_cari_hareket_is_active ON cari_hareket (is_active);
CREATE INDEX ix_cari_hareket_is_deleted ON cari_hareket (is_deleted);
CREATE INDEX ix_cari_hareket_kaynak_id ON cari_hareket (kaynak_id);
CREATE INDEX ix_cari_hareket_kaynak_modul ON cari_hareket (kaynak_modul);
CREATE INDEX ix_cari_hareket_tarih ON cari_hareket (tarih);
CREATE INDEX ix_cari_hareket_vade_tarihi ON cari_hareket (vade_tarihi);
CREATE INDEX ix_cari_hareket_yon ON cari_hareket (yon);
CREATE INDEX ix_odeme_is_active ON odeme (is_active);
CREATE INDEX ix_odeme_is_deleted ON odeme (is_deleted);
CREATE INDEX ix_stok_karti_is_active ON stok_karti (is_active);
CREATE INDEX ix_stok_karti_is_deleted ON stok_karti (is_deleted);
CREATE UNIQUE INDEX ix_stok_karti_parca_kodu ON stok_karti (parca_kodu);
CREATE INDEX ix_bakim_kaydi_is_active ON bakim_kaydi (is_active);
CREATE INDEX ix_bakim_kaydi_is_deleted ON bakim_kaydi (is_deleted);
CREATE INDEX ix_cari_mahsup_alacak_hareket_id ON cari_mahsup (alacak_hareket_id);
CREATE INDEX ix_cari_mahsup_borc_hareket_id ON cari_mahsup (borc_hareket_id);
CREATE INDEX ix_cari_mahsup_is_active ON cari_mahsup (is_active);
CREATE INDEX ix_cari_mahsup_is_deleted ON cari_mahsup (is_deleted);
CREATE INDEX ix_cari_mahsup_tarih ON cari_mahsup (tarih);
CREATE INDEX ix_nakliye_cari_islendi_mi ON nakliye (cari_islendi_mi);
CREATE INDEX ix_stok_hareket_is_active ON stok_hareket (is_active);
CREATE INDEX ix_stok_hareket_is_deleted ON stok_hareket (is_deleted);
CREATE INDEX ix_hizmet_kaydi_is_active ON hizmet_kaydi (is_active);
CREATE INDEX ix_hizmet_kaydi_is_deleted ON hizmet_kaydi (is_deleted);
CREATE INDEX ix_kullanilan_parca_is_active ON kullanilan_parca (is_active);
CREATE INDEX ix_kullanilan_parca_is_deleted ON kullanilan_parca (is_deleted);
CREATE INDEX ix_makine_degisim_is_active ON makine_degisim (is_active);
CREATE INDEX ix_makine_degisim_is_deleted ON makine_degisim (is_deleted);
CREATE INDEX ix_hakedis_durum ON hakedis (durum);
CREATE UNIQUE INDEX ix_hakedis_fatura_no ON hakedis (fatura_no);
CREATE UNIQUE INDEX ix_hakedis_hakedis_no ON hakedis (hakedis_no);
CREATE INDEX ix_hakedis_is_active ON hakedis (is_active);
CREATE INDEX ix_hakedis_is_deleted ON hakedis (is_deleted);
CREATE INDEX ix_hakedis_kalemi_is_active ON hakedis_kalemi (is_active);
CREATE INDEX ix_hakedis_kalemi_is_deleted ON hakedis_kalemi (is_deleted);
CREATE INDEX ix_kiralama_kalemi_chain_id ON kiralama_kalemi (chain_id);
CREATE INDEX ix_kiralama_kalemi_is_deleted ON kiralama_kalemi (is_deleted);
CREATE INDEX ix_araclar_is_deleted ON araclar (is_deleted);
CREATE UNIQUE INDEX ix_araclar_plaka ON araclar (plaka);
CREATE UNIQUE INDEX ix_ekipman_kod ON ekipman (kod);
CREATE INDEX ix_ekipman_seri_no ON ekipman (seri_no);
CREATE INDEX ix_ekipman_is_deleted ON ekipman (is_deleted);
CREATE INDEX ix_ekipman_is_active ON ekipman (is_active);
CREATE INDEX ix_operation_log_action ON operation_log (action);
CREATE INDEX ix_operation_log_created_at ON operation_log (created_at);
CREATE INDEX ix_operation_log_entity_id ON operation_log (entity_id);
CREATE INDEX ix_operation_log_entity_type ON operation_log (entity_type);
CREATE INDEX ix_operation_log_module ON operation_log (module);
CREATE INDEX ix_operation_log_success ON operation_log (success);
CREATE INDEX ix_operation_log_user_id ON operation_log (user_id);
CREATE INDEX ix_operation_log_username ON operation_log (username);
CREATE INDEX ix_kasa_is_deleted ON kasa (is_deleted);
CREATE INDEX ix_kasa_is_active ON kasa (is_active);
CREATE INDEX ix_takvim_hatirlatma_user_id ON takvim_hatirlatma (user_id);
CREATE INDEX ix_takvim_hatirlatma_tarih ON takvim_hatirlatma (tarih);
CREATE INDEX ix_takvim_hatirlatma_is_active ON takvim_hatirlatma (is_active);
CREATE INDEX ix_takvim_hatirlatma_is_deleted ON takvim_hatirlatma (is_deleted);
CREATE INDEX ix_app_settings_is_active ON app_settings (is_active);
CREATE INDEX ix_app_settings_is_deleted ON app_settings (is_deleted);
CREATE INDEX ix_kiralama_is_deleted ON kiralama (is_deleted);
CREATE INDEX ix_kiralama_is_active ON kiralama (is_active);
COMMIT;